Close,High,Low,Open,Volume
BRK-B,BRK-B,BRK-B,BRK-B,BRK-B
228.38999938964844,228.38999938964844,226.7100067138672,227.50999450683594,3764000
226.17999267578125,227.42999267578125,225.47999572753906,225.69000244140625,3023900
226.99000549316406,227.1300048828125,224.6999969482422,224.99000549316406,4263000
225.9199981689453,227.25999450683594,225.44000244140625,227.25999450683594,3517000
225.99000549316406,227.83999633789062,225.8699951171875,226.02999877929688,3780300
228.64999389648438,228.85000610351562,226.9199981689453,226.9199981689453,3497300
226.6199951171875,228.52999877929688,226.58999633789062,228.5,2572900
228.4499969482422,228.47000122070312,226.1300048828125,227.0500030517578,3286700
227.1699981689453,228.38999938964844,226.8800048828125,227.85000610351562,3355400
228.35000610351562,228.63999938964844,226.77999877929688,226.8000030517578,2662500
229.72999572753906,230.02999877929688,228.52000427246094,229.33999633789062,3036400
230.1999969482422,231.61000061035156,229.5500030517578,230.1300048828125,6603800
228.6300048828125,231.1300048828125,227.9499969482422,229.85000610351562,5840700
229.5399932861328,230.3800048828125,228.41000366210938,229.0,3164300
229.3800048828125,229.77000427246094,227.35000610351562,229.42999267578125,4750000
226.86000061035156,229.41000366210938,226.0399932861328,229.39999389648438,4022500
222.4499969482422,223.89999389648438,221.11000061035156,223.6999969482422,5454000
224.02999877929688,225.35000610351562,223.16000366210938,223.44000244140625,3609300
224.5,226.39999389648438,224.30999755859375,224.75,2310400
227.8800048828125,228.0800018310547,222.47999572753906,223.11000061035156,3350900
224.42999267578125,226.97000122070312,223.42999267578125,226.49000549316406,3948200
223.47000122070312,226.32000732421875,223.0,225.47999572753906,3525000
225.0800018310547,226.94000244140625,224.7899932861328,226.14999389648438,3642600
228.64999389648438,228.67999267578125,226.75,226.91000366210938,3360500
229.61000061035156,230.0800018310547,228.52999877929688,229.55999755859375,2799400
227.3800048828125,228.6199951171875,226.6699981689453,228.07000732421875,2882800
227.11000061035156,227.75,225.1300048828125,227.1699981689453,2944600
227.3300018310547,228.58999633789062,227.02000427246094,228.58999633789062,2916400
227.44000244140625,228.83999633789062,226.91000366210938,227.60000610351562,3785200
226.47000122070312,227.39999389648438,226.10000610351562,226.52999877929688,2838500
226.8000030517578,227.13999938964844,225.52000427246094,226.49000549316406,2506200
226.77000427246094,227.3800048828125,225.27000427246094,226.38999938964844,3153000
229.24000549316406,229.7100067138672,226.92999267578125,227.67999267578125,3187000
228.1699981689453,229.7899932861328,227.14999389648438,229.75999450683594,3547700
229.3300018310547,230.07000732421875,226.97999572753906,227.52999877929688,4699100
221.69000244140625,223.94000244140625,220.27000427246094,221.30999755859375,7932400
218.0500030517578,223.24000549316406,216.75999450683594,222.1999969482422,8558600
216.05999755859375,220.6300048828125,215.94000244140625,219.64999389648438,6901700
207.6699981689453,214.3800048828125,207.27999877929688,212.89999389648438,10941800
206.33999633789062,206.44000244140625,199.67999267578125,201.9199981689453,15147200
217.6300048828125,218.8000030517578,204.42999267578125,207.25,10395800
208.80999755859375,218.14999389648438,206.1999969482422,217.38999938964844,10716100
217.86000061035156,218.33999633789062,209.25999450683594,212.13999938964844,7408700
208.9600067138672,212.75,207.00999450683594,212.5500030517578,8112700
205.97999572753906,207.41000366210938,202.35000610351562,203.47999572753906,9443500
193.1300048828125,198.47999572753906,192.25999450683594,195.0,13950500
202.72999572753906,202.86000061035156,195.0500030517578,201.35000610351562,10929200
194.63999938964844,198.1300048828125,192.8699951171875,197.32000732421875,9573900
175.97000122070312,187.6699981689453,175.0,183.60000610351562,22293800
196.39999389648438,196.5,178.41000366210938,187.4499969482422,14859100
177.77000427246094,188.3800048828125,173.6199951171875,174.0,14168600
187.60000610351562,187.80999755859375,177.0,181.8800048828125,15072400
172.44000244140625,181.38999938964844,167.0,177.2899932861328,16669300
174.67999267578125,176.17999267578125,166.0,170.2100067138672,12488100
170.05999755859375,177.17999267578125,167.2899932861328,176.3000030517578,15213600
162.1300048828125,166.69000244140625,159.5,165.3000030517578,16501500
178.1999969482422,179.13999938964844,169.52999877929688,170.91000366210938,14075100
180.47000122070312,189.07000732421875,175.1699981689453,180.00999450683594,13851200
183.89999389648438,184.9600067138672,179.58999633789062,181.2899932861328,14131400
179.66000366210938,184.24000549316406,176.72000122070312,178.5,10259500
183.17999267578125,184.11000061035156,178.0,180.0399932861328,7672600
182.8300018310547,186.1699981689453,180.57000732421875,182.0500030517578,8996800
175.9499969482422,178.6699981689453,174.19000244140625,176.17999267578125,8682700
179.72999572753906,180.30999755859375,174.22999572753906,175.0,7271900
178.33999633789062,180.22000122070312,175.44000244140625,178.58999633789062,6643700
185.24000549316406,186.41000366210938,180.49000549316406,184.61000061035156,9935500
185.25,192.0,184.89999389648438,191.99000549316406,8148200
191.00999450683594,191.4199981689453,185.13999938964844,187.5500030517578,6109900
193.83999633789062,197.22999572753906,191.4499969482422,194.0,10519600
188.77000427246094,193.85000610351562,186.0800018310547,193.85000610351562,7888600
192.94000244140625,194.16000366210938,190.82000732421875,193.32000732421875,7032000
188.57000732421875,189.58999633789062,187.47000122070312,188.55999755859375,6138300
187.9600067138672,188.99000549316406,185.8000030517578,188.89999389648438,6228200
191.1999969482422,192.89999389648438,189.02000427246094,192.88999938964844,8272200
188.75,189.35000610351562,187.3000030517578,188.72000122070312,6474700
183.47999572753906,185.77999877929688,183.27999877929688,184.1699981689453,5882500
186.5800018310547,187.3699951171875,185.33999633789062,186.4600067138672,5470000
185.6300048828125,187.35000610351562,184.5,186.99000549316406,6211900
186.52000427246094,187.27999877929688,184.4199981689453,187.0800018310547,5205500
187.4600067138672,189.3699951171875,186.35000610351562,187.77999877929688,6622400
187.1199951171875,191.0,187.0,190.5399932861328,6674600
189.61000061035156,192.67999267578125,188.92999267578125,190.63999938964844,7645000
187.36000061035156,189.8699951171875,186.7100067138672,188.3000030517578,8217800
182.6699981689453,185.88999938964844,181.63999938964844,185.2100067138672,7513700
177.9499969482422,180.36000061035156,176.33999633789062,179.77999877929688,9448600
176.02999877929688,180.22999572753906,175.92999267578125,180.0500030517578,9016300
172.3800048828125,177.0399932861328,172.33999633789062,176.94000244140625,9003000
173.47999572753906,175.3800048828125,173.0500030517578,173.39999389648438,6698000
176.8300018310547,177.25999450683594,174.27999877929688,176.7100067138672,5793600
174.63999938964844,175.9600067138672,173.61000061035156,175.22999572753906,9235700
172.80999755859375,175.7100067138672,172.72999572753906,175.1999969482422,6470900
170.57000732421875,172.61000061035156,169.44000244140625,172.0,10258900
170.92999267578125,171.39999389648438,167.0399932861328,168.8000030517578,7013600
169.25,170.66000366210938,168.52000427246094,169.82000732421875,5937500
175.4600067138672,176.8699951171875,172.30999755859375,174.0,7458900
172.49000549316406,174.8699951171875,172.33999633789062,174.1199951171875,5574800
176.02000427246094,176.8699951171875,174.2899932861328,174.61000061035156,5455600
174.94000244140625,176.64999389648438,174.47000122070312,175.74000549316406,4059900
174.92999267578125,175.1199951171875,173.2100067138672,174.86000061035156,3584800
180.33999633789062,181.69000244140625,178.67999267578125,179.99000549316406,7107600
185.77000427246094,185.97999572753906,183.8000030517578,184.6699981689453,7410500
185.10000610351562,187.27999877929688,183.9199981689453,187.24000549316406,6313100
185.5800018310547,185.8699951171875,182.52999877929688,183.0800018310547,10630200
183.83999633789062,185.7100067138672,183.19000244140625,185.52999877929688,5718800
185.94000244140625,186.44000244140625,183.99000549316406,183.99000549316406,5803000
190.82000732421875,191.6199951171875,187.80999755859375,188.75,6706700
192.0500030517578,192.11000061035156,189.69000244140625,190.41000366210938,5809800
200.66000366210938,201.49000549316406,196.22000122070312,197.8800048828125,10390400
201.55999755859375,203.3300018310547,199.55999755859375,202.33999633789062,6695100
196.07000732421875,198.7899932861328,195.8300018310547,197.14999389648438,7711800
191.50999450683594,196.33999633789062,191.3699951171875,195.85000610351562,7337400
178.02000427246094,186.92999267578125,177.92999267578125,185.0,15372400
181.2100067138672,184.02000427246094,178.22000122070312,184.02000427246094,9476800
181.5500030517578,181.77000427246094,176.0500030517578,177.0,8105200
182.3000030517578,186.6999969482422,179.75,186.5500030517578,9407600
180.86000061035156,183.14999389648438,180.11000061035156,183.02999877929688,6448500
180.72999572753906,181.36000061035156,179.0399932861328,179.89999389648438,4920900
179.72000122070312,183.8800048828125,179.00999450683594,183.5,8767900
180.1699981689453,181.8000030517578,178.8699951171875,179.5500030517578,5816900
181.00999450683594,182.38999938964844,180.39999389648438,181.8699951171875,6378100
177.52999877929688,179.64999389648438,177.25999450683594,179.61000061035156,8081200
178.85000610351562,179.72000122070312,176.05999755859375,176.5800018310547,6380000
175.3699951171875,178.6999969482422,174.6300048828125,176.7100067138672,14772100
177.19000244140625,177.22000122070312,175.3300018310547,175.89999389648438,5218200
178.50999450683594,179.1199951171875,176.50999450683594,176.75,6763800
177.99000549316406,180.4499969482422,177.33999633789062,178.41000366210938,4619800
178.8300018310547,180.94000244140625,178.24000549316406,180.4499969482422,5163100
182.72000122070312,183.52000427246094,181.58999633789062,183.10000610351562,6443300
181.14999389648438,182.49000549316406,180.60000610351562,182.02000427246094,4952100
181.1999969482422,182.30999755859375,179.77000427246094,180.4199981689453,5547800
178.8000030517578,181.8800048828125,177.77000427246094,181.7899932861328,5420600
182.89999389648438,182.9600067138672,178.08999633789062,178.25999450683594,5482300
184.1300048828125,185.82000732421875,183.30999755859375,183.80999755859375,7885600
189.7100067138672,190.0800018310547,182.4199981689453,182.4199981689453,14683400
190.55999755859375,193.0500030517578,188.75,192.63999938964844,7558200
191.00999450683594,191.92999267578125,188.32000732421875,188.32000732421875,4771300
190.75999450683594,192.1199951171875,190.47000122070312,191.77000427246094,5186800
190.47999572753906,191.22999572753906,189.47999572753906,190.02000427246094,4089400
192.27000427246094,193.4499969482422,190.39999389648438,190.39999389648438,5256300
192.10000610351562,192.24000549316406,190.6300048828125,191.77999877929688,4182700
193.25,193.38999938964844,191.47999572753906,191.7100067138672,6036800
194.52000427246094,196.27999877929688,193.0500030517578,193.25,5140800
192.13999938964844,193.99000549316406,191.77000427246094,193.8300018310547,4309100
194.1199951171875,194.4600067138672,190.61000061035156,190.89999389648438,4412300
196.41000366210938,196.6699981689453,193.72999572753906,194.02999877929688,4067300
194.3000030517578,194.57000732421875,192.25,193.42999267578125,4819600
195.77999877929688,196.0,193.3300018310547,195.05999755859375,5936500
199.25999450683594,200.67999267578125,196.0,197.27999877929688,6251000
200.24000549316406,200.30999755859375,198.11000061035156,198.97000122070312,3838800
203.6199951171875,204.69000244140625,201.0,201.44000244140625,5184500
205.02000427246094,205.38999938964844,202.6999969482422,203.0,3380700
209.47999572753906,209.75,204.0,204.1999969482422,6186000
212.5800018310547,212.9199981689453,209.39999389648438,211.33999633789062,6633800
212.66000366210938,215.60000610351562,212.24000549316406,214.74000549316406,5688200
213.24000549316406,214.38999938964844,212.30999755859375,213.10000610351562,4791900
211.97999572753906,213.3300018310547,211.66000366210938,212.92999267578125,4535600
210.9600067138672,211.97000122070312,210.25,211.0399932861328,3441500
206.77999877929688,210.82000732421875,206.33999633789062,210.0500030517578,5484400
208.3300018310547,209.75999450683594,206.8000030517578,206.9499969482422,3500100
207.2100067138672,210.2100067138672,206.66000366210938,209.19000244140625,5829000
206.1199951171875,206.7899932861328,204.50999450683594,205.1699981689453,4133800
207.42999267578125,208.39999389648438,205.52000427246094,205.52000427246094,4785300
212.61000061035156,213.3000030517578,208.91000366210938,209.22999572753906,5039500
213.35000610351562,214.0,212.85000610351562,213.55999755859375,3675900
214.66000366210938,215.8300018310547,212.3000030517578,212.97999572753906,4639000
216.8699951171875,217.97999572753906,214.75999450683594,214.99000549316406,4814200
218.5500030517578,218.80999755859375,215.72999572753906,217.50999450683594,4290400
218.0399932861328,219.4499969482422,217.64999389648438,218.6199951171875,6131900
218.5500030517578,218.58999633789062,216.6199951171875,216.9199981689453,4134300
221.67999267578125,222.08999633789062,218.1300048828125,218.1300048828125,5493900
218.14999389648438,223.24000549316406,216.42999267578125,222.0,7084700
218.32000732421875,221.47999572753906,215.05999755859375,219.9499969482422,6041400
217.8000030517578,219.19000244140625,215.33999633789062,217.27999877929688,7001200
219.6300048828125,221.6199951171875,218.52000427246094,218.9499969482422,5417000
217.8000030517578,220.67999267578125,217.14999389648438,220.5399932861328,3837300
217.92999267578125,219.27000427246094,216.9199981689453,218.0,3437100
219.94000244140625,221.32000732421875,218.3000030517578,219.0,4068800
218.94000244140625,221.57000732421875,218.4499969482422,220.0800018310547,3855800
219.58999633789062,222.25999450683594,219.19000244140625,220.27999877929688,5658400
218.0500030517578,218.67999267578125,216.5,218.4600067138672,6940800
218.2100067138672,221.00999450683594,217.8300018310547,219.0800018310547,11862200
213.02000427246094,215.4499969482422,208.72999572753906,214.0,8341400
214.16000366210938,214.75,211.6999969482422,212.5399932861328,5289400
209.61000061035156,214.8800048828125,209.3800048828125,213.94000244140625,4421200
208.72000122070312,210.22999572753906,206.5800018310547,209.13999938964844,3962000
210.4499969482422,211.11000061035156,206.82000732421875,207.0,3562400
213.5399932861328,215.47000122070312,212.02000427246094,213.22000122070312,5042800
210.44000244140625,213.58999633789062,210.24000549316406,213.58999633789062,4036900
212.94000244140625,213.6999969482422,210.75,211.11000061035156,5821800
212.02000427246094,214.38999938964844,210.6199951171875,214.3000030517578,4758500
211.17999267578125,213.67999267578125,209.52999877929688,209.83999633789062,4420000
212.36000061035156,213.89999389648438,212.0500030517578,213.08999633789062,3648500
210.25999450683594,213.47999572753906,209.64999389648438,212.64999389648438,5313600
213.2899932861328,214.6699981689453,211.36000061035156,212.3300018310547,3758500
215.14999389648438,215.69000244140625,213.44000244140625,214.38999938964844,3611100
215.67999267578125,216.2899932861328,214.16000366210938,215.8800048828125,3090700
216.41000366210938,217.42999267578125,215.1199951171875,216.74000549316406,3902000
212.30999755859375,216.3800048828125,212.0,215.75999450683594,4848700
210.91000366210938,212.35000610351562,210.5399932861328,212.02000427246094,5026300
211.64999389648438,211.99000549316406,208.22000122070312,209.27000427246094,3063200
211.91000366210938,213.8300018310547,211.80999755859375,211.83999633789062,3630400
208.99000549316406,212.32000732421875,208.1999969482422,212.16000366210938,3410900
210.05999755859375,211.4499969482422,209.41000366210938,209.6300048828125,3888500
210.17999267578125,211.3800048828125,208.61000061035156,208.97000122070312,3192000
211.61000061035156,211.77999877929688,209.22999572753906,209.6300048828125,2949900
212.7100067138672,213.8699951171875,211.72999572753906,212.42999267578125,2830800
208.49000549316406,210.25999450683594,207.0,209.63999938964844,4714100
206.8800048828125,208.47999572753906,206.5800018310547,208.0,3037800
200.6999969482422,203.8800048828125,199.7899932861328,202.67999267578125,7533600
201.50999450683594,202.9600067138672,197.80999755859375,200.02999877929688,5224400
201.89999389648438,202.27000427246094,198.6999969482422,200.50999450683594,5754000
204.30999755859375,206.17999267578125,203.05999755859375,204.83999633789062,5937500
206.6300048828125,209.8000030517578,206.36000061035156,206.92999267578125,5469900
206.1699981689453,210.14999389648438,204.77999877929688,206.58999633789062,5974400
207.4499969482422,210.86000061035156,206.97000122070312,208.69000244140625,5933800
208.85000610351562,210.25999450683594,207.58999633789062,208.4499969482422,4305600
221.5,225.22999572753906,218.00999450683594,221.97000122070312,11340800
228.47999572753906,228.61000061035156,220.94000244140625,221.82000732421875,7057300
227.3699951171875,228.97999572753906,225.47000122070312,228.5,4786100
224.72000122070312,225.8800048828125,223.17999267578125,225.00999450683594,5109800
227.4199981689453,228.14999389648438,225.2899932861328,226.5,4789500
233.10000610351562,233.4600067138672,229.86000061035156,230.5800018310547,5766600
233.16000366210938,234.97000122070312,230.00999450683594,231.92999267578125,5038400
230.07000732421875,234.47999572753906,230.0,233.57000732421875,4740600
229.52999877929688,229.97000122070312,227.6199951171875,229.6699981689453,4621800
227.00999450683594,229.72000122070312,226.77000427246094,228.77999877929688,4027300
229.5399932861328,230.5,228.0399932861328,229.77000427246094,3630100
233.9199981689453,234.99000549316406,231.24000549316406,232.4499969482422,4712500
233.1300048828125,234.0,232.00999450683594,233.9199981689453,3249600
231.5500030517578,234.1699981689453,230.4499969482422,233.10000610351562,1935800
228.91000366210938,231.2899932861328,228.1699981689453,231.19000244140625,5989000
229.67999267578125,231.97999572753906,229.33999633789062,230.22999572753906,4442400
230.4199981689453,230.58999633789062,228.30999755859375,229.8000030517578,4679100
231.02000427246094,231.5,228.8699951171875,230.0,4694500
231.35000610351562,231.88999938964844,230.24000549316406,230.24000549316406,4749600
229.24000549316406,231.25999450683594,228.10000610351562,231.25999450683594,4649300
228.19000244140625,228.74000549316406,226.61000061035156,227.4600067138672,4587200
227.50999450683594,228.89999389648438,226.63999938964844,228.57000732421875,4873800
227.35000610351562,227.8699951171875,225.72999572753906,226.4499969482422,4567400
226.38999938964844,226.72999572753906,224.60000610351562,225.1999969482422,4028100
222.85000610351562,228.05999755859375,222.36000061035156,227.67999267578125,6541600
224.3800048828125,225.86000061035156,222.72999572753906,224.8300018310547,5168000
221.91000366210938,225.47999572753906,221.82000732421875,225.47999572753906,7537400
224.67999267578125,225.02000427246094,221.6699981689453,222.50999450683594,7388000
223.42999267578125,225.1999969482422,221.67999267578125,224.7899932861328,20663300
223.49000549316406,224.1999969482422,221.25999450683594,222.02000427246094,7372500
221.8800048828125,223.75,221.75999450683594,223.5800018310547,6157300
224.24000549316406,224.91000366210938,222.61000061035156,222.6300048828125,4983900
226.52999877929688,227.1300048828125,224.2100067138672,224.60000610351562,2387000
228.41000366210938,230.14999389648438,227.36000061035156,228.08999633789062,3505500
229.57000732421875,231.10000610351562,229.10000610351562,230.5,3799500
229.64999389648438,230.58999633789062,229.0800018310547,229.5399932861328,3257400
231.8699951171875,232.27999877929688,228.88999938964844,229.27999877929688,4228100
228.4499969482422,231.8699951171875,226.85000610351562,231.72999572753906,7404900
227.47000122070312,230.10000610351562,226.85000610351562,228.2100067138672,5524900
230.27000427246094,232.67999267578125,227.5500030517578,229.49000549316406,9009400
232.8800048828125,233.9600067138672,231.3300018310547,232.77999877929688,4691600
234.02999877929688,234.60000610351562,231.72000122070312,233.5399932861328,4850400
233.42999267578125,233.9199981689453,231.02000427246094,231.22000122070312,3882000
233.02999877929688,233.97999572753906,231.6999969482422,233.30999755859375,5616600
234.50999450683594,234.9499969482422,231.7100067138672,232.0,3827500
235.02000427246094,235.6999969482422,233.83999633789062,234.7899932861328,4528700
233.49000549316406,234.58999633789062,231.91000366210938,234.10000610351562,5225000
234.5500030517578,236.24000549316406,231.6999969482422,234.63999938964844,5502100
234.75999450683594,235.1999969482422,233.24000549316406,234.0,4876200
234.16000366210938,236.1999969482422,234.0800018310547,235.22000122070312,4317300
232.9199981689453,233.8300018310547,232.2100067138672,232.5,4465000
233.00999450683594,233.52000427246094,230.4499969482422,231.6699981689453,5097700
231.57000732421875,233.5,231.3300018310547,233.0,3944800
227.36000061035156,230.0,226.10000610351562,230.0,8227100
230.9499969482422,233.50999450683594,228.16000366210938,229.75999450683594,5943500
227.8699951171875,229.97000122070312,227.2100067138672,229.4499969482422,6387300
229.32000732421875,230.5,228.0399932861328,229.97000122070312,4068200
232.24000549316406,233.42999267578125,230.6699981689453,231.2100067138672,5300300
232.67999267578125,233.16000366210938,231.27999877929688,232.39999389648438,3805600
235.77000427246094,235.91000366210938,232.41000366210938,232.83999633789062,4438400
235.16000366210938,236.97999572753906,234.8300018310547,236.97999572753906,3812200
237.4199981689453,237.55999755859375,235.35000610351562,236.0,3327300
239.91000366210938,240.77999877929688,235.66000366210938,237.07000732421875,4773400
239.9199981689453,241.52000427246094,239.0399932861328,241.42999267578125,3822600
239.75999450683594,240.44000244140625,238.8800048828125,239.36000061035156,2908500
242.4600067138672,242.75999450683594,238.02999877929688,238.07000732421875,3421800
245.27999877929688,247.25999450683594,242.82000732421875,244.13999938964844,4722200
245.25,246.19000244140625,244.0,244.13999938964844,3909500
243.5,245.49000549316406,241.6699981689453,244.72999572753906,4031000
241.85000610351562,244.9499969482422,241.36000061035156,244.1999969482422,4252400
244.97000122070312,245.97999572753906,240.8000030517578,240.88999938964844,4009100
245.52999877929688,246.57000732421875,243.2899932861328,245.55999755859375,5454900
248.4499969482422,249.5500030517578,245.14999389648438,245.14999389648438,5105900
243.69000244140625,250.55999755859375,242.92999267578125,248.07000732421875,6455200
240.50999450683594,245.14999389648438,240.25,245.14999389648438,8085300
249.2100067138672,250.5500030517578,246.08999633789062,246.86000061035156,6332300
249.22000122070312,251.33999633789062,248.3699951171875,249.1199951171875,4684500
251.5500030517578,254.80999755859375,249.2899932861328,249.72999572753906,6088300
245.47999572753906,252.5500030517578,243.22999572753906,251.0800018310547,7827000
253.14999389648438,253.4499969482422,247.3300018310547,248.88999938964844,6397000
257.6099853515625,260.2300109863281,253.72999572753906,255.60000610351562,7124300
259.0199890136719,262.94000244140625,255.61000061035156,258.54998779296875,8259300
263.989990234375,267.5,259.6400146484375,260.29998779296875,8939300
260.9100036621094,264.79998779296875,260.4200134277344,264.2200012207031,5917600
260.0199890136719,264.6499938964844,259.6700134277344,262.3999938964844,4495400
254.61000061035156,260.44000244140625,253.52000427246094,260.30999755859375,6973400
251.5,254.52999877929688,249.82000732421875,254.52999877929688,67200
252.0,254.27999877929688,250.66000366210938,252.02000427246094,67700
252.4600067138672,255.63999938964844,251.3800048828125,253.75999450683594,5547300
250.99000549316406,252.5,248.52000427246094,252.30999755859375,16635400
250.36000061035156,251.6699981689453,248.86000061035156,250.60000610351562,5370400
248.30999755859375,251.1699981689453,247.7100067138672,250.1999969482422,4622400
249.6300048828125,251.88999938964844,248.5,249.5500030517578,4165000
250.75,251.52999877929688,246.7899932861328,249.3800048828125,5500000
256.7699890136719,257.3900146484375,252.4199981689453,252.75,5799100
258.82000732421875,260.04998779296875,253.3000030517578,253.92999267578125,6642600
258.19000244140625,261.0,257.239990234375,259.94000244140625,3878000
255.47000122070312,257.67999267578125,255.1699981689453,256.8599853515625,6578100
258.20001220703125,258.4700012207031,254.8000030517578,255.74000549316406,5573400
262.6600036621094,263.3500061035156,260.0,260.0199890136719,5049600
263.05999755859375,263.3399963378906,261.94000244140625,262.8599853515625,3060600
263.6199951171875,264.3399963378906,262.3999938964844,262.989990234375,3582700
263.510009765625,263.92999267578125,261.9100036621094,262.7200012207031,3113300
266.010009765625,266.239990234375,263.3500061035156,264.2200012207031,6052500
267.92999267578125,268.3399963378906,266.5299987792969,266.5299987792969,4292900
267.1000061035156,268.20001220703125,266.04998779296875,267.4200134277344,3556600
267.5299987792969,268.44000244140625,267.1499938964844,267.30999755859375,3119900
269.1400146484375,269.2799987792969,266.3900146484375,268.05999755859375,3919200
272.1099853515625,272.9700012207031,270.1099853515625,270.4700012207031,4710300
270.2799987792969,272.9200134277344,268.8500061035156,272.29998779296875,4235500
267.8900146484375,269.30999755859375,266.79998779296875,268.5299987792969,3740800
272.2099914550781,272.4599914550781,267.75,267.79998779296875,3897100
269.510009765625,272.0799865722656,268.7799987792969,272.0400085449219,3732100
271.9800109863281,272.69000244140625,269.55999755859375,269.8599853515625,3684100
270.8599853515625,273.9800109863281,270.6300048828125,272.2799987792969,3569100
273.6499938964844,274.1600036621094,270.04998779296875,271.07000732421875,3173400
272.95001220703125,273.9599914550781,272.1300048828125,273.5400085449219,3176000
277.6000061035156,277.7900085449219,274.3500061035156,274.4700012207031,4540300
274.95001220703125,277.4100036621094,274.2099914550781,276.2900085449219,5212400
279.17999267578125,281.1199951171875,277.6700134277344,278.54998779296875,5184000
280.260009765625,280.79998779296875,276.7799987792969,278.5400085449219,4465500
282.760009765625,284.239990234375,282.1199951171875,282.5199890136719,4348100
289.7099914550781,290.0,284.04998779296875,284.69000244140625,5962900
290.92999267578125,291.07000732421875,287.7699890136719,289.9700012207031,6099200
292.3299865722656,295.0799865722656,292.07000732421875,292.3500061035156,4537800
285.6300048828125,290.510009765625,284.2900085449219,289.8399963378906,6813500
282.9100036621094,286.1199951171875,282.54998779296875,285.4599914550781,5308800
286.8999938964844,288.3699951171875,282.8500061035156,282.9100036621094,5244100
290.67999267578125,291.3800048828125,288.6700134277344,288.6700134277344,4260600
289.2200012207031,290.4700012207031,288.07000732421875,289.989990234375,3883300
287.5899963378906,290.30999755859375,287.239990234375,290.20001220703125,4356300
286.2200012207031,286.55999755859375,282.57000732421875,284.1099853515625,5271300
286.7300109863281,289.1400146484375,285.8999938964844,288.4100036621094,4141600
287.739990234375,289.3500061035156,286.75,287.1199951171875,4230700
289.7300109863281,290.4100036621094,287.9100036621094,289.1099853515625,3973300
287.20001220703125,291.6000061035156,287.1099853515625,290.19000244140625,4752300
287.3299865722656,289.6400146484375,285.75,289.6400146484375,4756300
289.29998779296875,289.989990234375,286.57000732421875,288.57000732421875,6602100
289.44000244140625,290.4599914550781,288.2300109863281,289.67999267578125,4522500
289.8399963378906,292.07000732421875,288.80999755859375,291.5199890136719,3335800
290.0199890136719,290.8999938964844,289.2200012207031,290.8500061035156,3517100
291.9700012207031,293.2699890136719,288.2799987792969,288.3599853515625,4099400
292.5199890136719,293.0799865722656,291.45001220703125,292.9100036621094,3271100
289.4599914550781,292.5799865722656,288.8399963378906,292.55999755859375,4441000
289.19000244140625,289.8999938964844,285.70001220703125,289.17999267578125,5035900
288.5799865722656,289.0899963378906,287.04998779296875,288.8800048828125,3501800
284.9100036621094,290.80999755859375,284.67999267578125,289.8800048828125,4039200
286.82000732421875,287.3599853515625,285.0199890136719,285.45001220703125,3524200
283.5299987792969,286.8500061035156,281.5199890136719,286.6600036621094,6100500
283.94000244140625,284.9599914550781,282.6499938964844,284.4599914550781,3758700
283.1099853515625,284.79998779296875,281.0799865722656,283.7300109863281,5626800
278.69000244140625,284.5,277.55999755859375,284.2900085449219,7134200
274.0400085449219,276.9800109863281,272.4599914550781,276.5,12565800
277.1000061035156,278.8500061035156,275.42999267578125,275.6199951171875,5482700
276.9200134277344,277.7099914550781,275.92999267578125,277.57000732421875,5224700
274.6600036621094,277.0,274.54998779296875,276.8900146484375,4533100
275.489990234375,276.5799865722656,274.04998779296875,275.0,5453900
278.3800048828125,279.30999755859375,275.3500061035156,276.3699951171875,5577100
276.6099853515625,279.05999755859375,275.6000061035156,278.82000732421875,4024600
276.2099914550781,277.9800109863281,275.25,276.69000244140625,4470500
277.9200134277344,278.44000244140625,275.6600036621094,275.8900146484375,4474100
280.1700134277344,280.29998779296875,277.54998779296875,278.20001220703125,3647200
279.1199951171875,281.4100036621094,278.57000732421875,281.4100036621094,3682800
277.32000732421875,278.2799987792969,275.1000061035156,278.2799987792969,4401500
279.239990234375,279.69000244140625,275.79998779296875,275.989990234375,4412600
274.1000061035156,277.739990234375,273.1600036621094,276.989990234375,5370500
280.489990234375,280.8800048828125,275.739990234375,276.0299987792969,4896000
280.1099853515625,282.2200012207031,278.2699890136719,279.04998779296875,4282500
279.2099914550781,280.4100036621094,278.3599853515625,280.1099853515625,3136300
278.30999755859375,280.760009765625,277.7699890136719,279.07000732421875,4108000
279.7200012207031,280.6400146484375,277.0899963378906,277.1300048828125,3274700
277.8999938964844,280.92999267578125,277.2200012207031,280.92999267578125,3436100
272.6600036621094,275.5,270.7300109863281,274.2099914550781,5231900
276.8900146484375,277.80999755859375,272.0,272.6600036621094,4737000
279.8800048828125,280.9200134277344,277.6300048828125,277.6400146484375,3435900
277.70001220703125,279.2699890136719,277.4200134277344,278.5899963378906,2565700
278.489990234375,279.9200134277344,277.739990234375,279.04998779296875,3217500
278.79998779296875,280.25,277.7799987792969,277.7799987792969,2423800
280.7799987792969,281.0899963378906,276.9100036621094,278.07000732421875,3390300
278.1000061035156,280.9800109863281,277.6000061035156,280.79998779296875,3794000
279.760009765625,281.239990234375,279.0799865722656,279.2900085449219,3543600
278.2900085449219,281.0799865722656,277.6000061035156,280.010009765625,3607400
278.1400146484375,281.9800109863281,277.7300109863281,279.30999755859375,3091200
281.79998779296875,282.510009765625,276.7699890136719,279.04998779296875,3630600
278.7799987792969,280.9200134277344,278.6400146484375,280.1700134277344,3024600
280.2099914550781,282.0,278.3299865722656,280.1600036621094,3584900
285.6300048828125,285.8299865722656,281.5,281.82000732421875,4831900
287.2300109863281,288.7300109863281,286.05999755859375,287.8599853515625,3676500
288.94000244140625,289.05999755859375,286.0,287.010009765625,3134100
291.2799987792969,291.82000732421875,288.8299865722656,289.45001220703125,3475100
290.239990234375,291.80999755859375,288.92999267578125,291.80999755859375,3170300
287.8900146484375,291.04998779296875,287.1199951171875,290.6099853515625,3115200
289.45001220703125,289.489990234375,285.2099914550781,287.0,3562300
289.1000061035156,290.7699890136719,287.6000061035156,288.5299987792969,3626300
286.3599853515625,290.07000732421875,285.95001220703125,289.0,3880500
285.1300048828125,287.1499938964844,283.9800109863281,284.9599914550781,3393100
285.2699890136719,285.9200134277344,283.95001220703125,284.9599914550781,2846100
285.6199951171875,287.3800048828125,285.3900146484375,287.3800048828125,2956500
286.0199890136719,286.5799865722656,284.17999267578125,286.010009765625,3185000
287.29998779296875,288.55999755859375,285.2200012207031,286.20001220703125,2973300
285.2699890136719,288.1700134277344,284.989990234375,288.1600036621094,3340300
286.6000061035156,286.7099914550781,285.1199951171875,285.6199951171875,3484400
285.6600036621094,287.0400085449219,285.0199890136719,286.29998779296875,3505200
285.7699890136719,286.3299865722656,284.760009765625,285.2799987792969,6497800
285.260009765625,287.1400146484375,284.8500061035156,286.5899963378906,3323200
285.04998779296875,286.44000244140625,284.2099914550781,285.3500061035156,3969800
281.8900146484375,284.82000732421875,281.7099914550781,284.29998779296875,4495100
278.8999938964844,281.9100036621094,278.7300109863281,281.9100036621094,4863900
279.3399963378906,279.95001220703125,277.5899963378906,278.17999267578125,4646800
278.6099853515625,280.1099853515625,278.3699951171875,278.9100036621094,3683700
277.6000061035156,279.9700012207031,277.489990234375,279.9700012207031,4552300
279.9200134277344,280.8399963378906,277.82000732421875,278.3599853515625,4601900
277.20001220703125,280.7799987792969,276.3599853515625,280.5400085449219,5283200
278.17999267578125,279.05999755859375,276.6700134277344,277.6000061035156,3883500
277.510009765625,279.2099914550781,276.2099914550781,278.9599914550781,4210000
276.760009765625,281.0,275.4200134277344,277.6400146484375,15863300
274.20001220703125,274.9100036621094,271.3599853515625,273.04998779296875,7644000
273.17999267578125,276.2200012207031,272.5899963378906,276.0299987792969,4648400
274.07000732421875,276.6099853515625,273.6700134277344,276.2799987792969,5018400
278.1199951171875,279.70001220703125,275.010009765625,275.1499938964844,4731600
277.8699951171875,279.1300048828125,277.4100036621094,278.29998779296875,3106100
279.7200012207031,280.6300048828125,278.1199951171875,279.7699890136719,3358400
276.7900085449219,281.3800048828125,275.82000732421875,279.1400146484375,4959500
277.2900085449219,278.7799987792969,275.95001220703125,277.0299987792969,2952000
272.94000244140625,278.3699951171875,272.8399963378906,278.3699951171875,5187900
275.7099914550781,277.510009765625,272.2200012207031,273.0199890136719,3950700
273.6400146484375,276.9599914550781,273.04998779296875,274.67999267578125,4307000
278.04998779296875,279.6700134277344,273.20001220703125,273.8599853515625,5069400
280.2200012207031,280.3900146484375,274.6099853515625,276.2799987792969,3866100
282.95001220703125,284.989990234375,282.1400146484375,282.1400146484375,3794200
284.1400146484375,284.7200012207031,281.7099914550781,282.5899963378906,2299900
280.92999267578125,285.6099853515625,280.79998779296875,284.42999267578125,2907900
278.6199951171875,281.5199890136719,278.2099914550781,281.4599914550781,3770800
277.8999938964844,279.4100036621094,275.54998779296875,278.4700012207031,3311400
281.6400146484375,282.3800048828125,279.29998779296875,280.80999755859375,3646400
284.2099914550781,284.9700012207031,282.2699890136719,283.94000244140625,4313700
282.5899963378906,283.510009765625,281.57000732421875,282.8299865722656,3551500
284.8299865722656,285.1499938964844,283.04998779296875,283.6000061035156,2682700
287.489990234375,287.70001220703125,284.32000732421875,284.3399963378906,3147600
286.82000732421875,287.2799987792969,285.25,286.989990234375,2488800
289.239990234375,289.79998779296875,286.239990234375,287.6600036621094,3406500
290.260009765625,290.4700012207031,287.6000061035156,289.70001220703125,3142900
290.8500061035156,292.2200012207031,290.29998779296875,290.6499938964844,3872300
287.7799987792969,290.95001220703125,287.6400146484375,290.8500061035156,3691500
289.7200012207031,289.8599853515625,287.20001220703125,288.2099914550781,3300100
287.010009765625,290.0,286.739990234375,288.80999755859375,4420300
286.239990234375,288.4200134277344,285.6199951171875,288.04998779296875,2889500
287.92999267578125,288.5,285.2200012207031,286.6099853515625,3838300
288.7200012207031,288.8800048828125,286.1300048828125,287.2099914550781,2773100
287.69000244140625,289.1300048828125,285.25,289.1300048828125,3426300
287.8800048828125,290.70001220703125,286.82000732421875,288.8299865722656,3581100
288.79998779296875,295.6499938964844,288.6099853515625,290.0,4721000
286.3500061035156,288.989990234375,285.29998779296875,288.7900085449219,3587200
285.32000732421875,287.239990234375,284.5199890136719,286.489990234375,3421700
284.6499938964844,287.07000732421875,284.25,286.5,2861000
285.989990234375,286.1000061035156,283.79998779296875,284.8800048828125,2917000
284.6700134277344,286.989990234375,284.239990234375,286.6000061035156,3217300
283.3599853515625,285.1600036621094,283.1199951171875,284.4700012207031,4204200
281.5899963378906,283.1199951171875,280.8999938964844,283.1199951171875,3740800
280.6300048828125,281.75,279.25,281.1000061035156,3338000
279.989990234375,280.9700012207031,278.010009765625,280.9599914550781,4529200
284.9700012207031,286.44000244140625,280.010009765625,280.7300109863281,5036000
288.55999755859375,288.7300109863281,285.04998779296875,285.1499938964844,4490100
287.2799987792969,288.32000732421875,286.0899963378906,287.44000244140625,4924100
283.0899963378906,284.7099914550781,279.760009765625,280.2799987792969,4440700
282.1199951171875,284.9800109863281,281.4200134277344,284.0,5390900
276.69000244140625,280.20001220703125,275.8900146484375,279.94000244140625,9925300
275.0,281.7200012207031,274.7900085449219,279.5400085449219,5165100
279.0899963378906,280.3699951171875,275.2900085449219,276.67999267578125,4924800
277.42999267578125,279.9700012207031,275.2699890136719,278.7099914550781,5925000
281.3800048828125,283.1700134277344,278.7300109863281,278.7300109863281,5524200
284.9700012207031,285.4100036621094,282.1199951171875,282.4200134277344,5766000
283.7200012207031,285.9700012207031,282.2799987792969,284.9700012207031,3255700
284.5199890136719,284.95001220703125,281.7799987792969,283.7699890136719,3445500
288.2300109863281,288.5,284.2300109863281,285.489990234375,4109800
290.010009765625,291.5799865722656,285.8399963378906,288.5,4887500
295.0299987792969,296.4100036621094,289.6700134277344,289.6700134277344,5992200
294.5799865722656,296.5,292.80999755859375,295.82000732421875,5598200
300.1700134277344,301.5799865722656,295.1000061035156,296.8800048828125,6538100
293.6600036621094,298.0,292.3500061035156,297.8500061035156,12719500
289.6099853515625,291.5799865722656,287.5899963378906,290.7699890136719,5456200
293.239990234375,295.4100036621094,291.5,292.1400146484375,3929100
294.4100036621094,294.57000732421875,291.739990234375,292.8599853515625,2445600
294.489990234375,296.7799987792969,294.2099914550781,295.2200012207031,2898200
296.6700134277344,296.69000244140625,294.4599914550781,295.25,2807200
298.2900085449219,299.7900085449219,296.79998779296875,296.9599914550781,2572900
299.4599914550781,300.6499938964844,298.8599853515625,299.2300109863281,2687300
299.9800109863281,301.6499938964844,299.739990234375,300.8800048828125,2300000
299.0,300.69000244140625,298.8399963378906,299.94000244140625,2932200
300.7900085449219,301.29998779296875,299.20001220703125,300.1000061035156,3570300
308.5299987792969,309.2099914550781,301.6499938964844,301.6499938964844,6003300
309.9200134277344,314.4800109863281,309.5,309.8699951171875,6888300
313.2200012207031,314.1099853515625,310.2200012207031,312.9800109863281,5137200
319.7799987792969,320.20001220703125,314.1400146484375,315.55999755859375,5618300
318.92999267578125,322.1000061035156,315.1199951171875,321.3999938964844,5812300
319.79998779296875,320.0,315.0400085449219,318.6099853515625,4247900
320.3900146484375,321.04998779296875,317.260009765625,320.6199951171875,3580400
321.260009765625,323.4700012207031,320.1000061035156,321.0,4277900
324.1300048828125,324.3999938964844,316.5,318.8699951171875,4913700
320.2900085449219,323.2900085449219,318.07000732421875,322.2200012207031,5764200
314.75,321.3500061035156,314.5799865722656,321.3500061035156,6086400
311.010009765625,317.17999267578125,310.67999267578125,315.5799865722656,4402300
305.2200012207031,311.0199890136719,304.1400146484375,309.989990234375,6535400
303.7300109863281,304.7300109863281,296.0799865722656,299.70001220703125,8504200
307.19000244140625,309.1300048828125,294.80999755859375,301.8699951171875,6435400
309.260009765625,313.3299865722656,306.57000732421875,310.3999938964844,6119400
307.6700134277344,315.9200134277344,305.30999755859375,311.70001220703125,5053200
312.8999938964844,313.2900085449219,304.07000732421875,307.67999267578125,5238200
313.0199890136719,313.29998779296875,307.8399963378906,312.0,5237600
313.9599914550781,314.6000061035156,310.30999755859375,312.6400146484375,4347200
319.6000061035156,320.1600036621094,313.0,313.57000732421875,4632200
315.2300109863281,319.6499938964844,314.6099853515625,319.3299865722656,4151500
314.989990234375,317.8399963378906,312.70001220703125,315.8699951171875,3654700
316.510009765625,318.2200012207031,312.05999755859375,314.9100036621094,3129100
321.44000244140625,322.6499938964844,316.0,318.2699890136719,6237800
322.3800048828125,325.6300048828125,321.5400085449219,323.79998779296875,3995900
319.8500061035156,322.4599914550781,318.489990234375,320.989990234375,7079700
319.1400146484375,323.1199951171875,317.739990234375,320.010009765625,7493400
314.2799987792969,320.42999267578125,312.1700134277344,319.6099853515625,8129100
316.20001220703125,317.94000244140625,314.69000244140625,316.6400146484375,3681400
315.6499938964844,316.8999938964844,314.2799987792969,315.0,3974100
313.54998779296875,315.44000244140625,312.29998779296875,314.9800109863281,3632400
314.79998779296875,315.67999267578125,313.0799865722656,313.8299865722656,4224500
314.1600036621094,315.42999267578125,310.54998779296875,313.44000244140625,5102000
309.989990234375,316.79998779296875,309.3800048828125,316.0799865722656,5030600
308.2799987792969,308.80999755859375,299.510009765625,301.7799987792969,8834700
319.239990234375,321.42999267578125,310.7799987792969,311.1600036621094,7484400
321.45001220703125,322.0,315.19000244140625,317.3500061035156,7981000
316.8399963378906,321.20001220703125,313.5899963378906,320.260009765625,6441400
323.6400146484375,325.75,318.1199951171875,319.4800109863281,4506100
327.739990234375,329.4700012207031,323.8900146484375,326.6300048828125,4594300
325.3399963378906,325.6099853515625,320.1199951171875,322.6600036621094,4901900
322.7200012207031,326.44000244140625,320.3500061035156,325.67999267578125,5875800
318.5199890136719,327.2900085449219,318.0299987792969,325.29998779296875,7905000
325.3999938964844,327.4700012207031,322.5799865722656,326.5899963378906,5874500
325.29998779296875,325.70001220703125,321.5799865722656,322.489990234375,3843600
326.6000061035156,331.489990234375,326.2300109863281,326.5299987792969,5135700
329.9800109863281,333.4800109863281,327.6499938964844,328.6499938964844,5967200
332.54998779296875,334.5799865722656,329.3800048828125,332.70001220703125,6928300
336.1099853515625,337.3399963378906,331.7099914550781,335.1099853515625,5925800
344.9700012207031,345.1300048828125,336.20001220703125,337.0,7219800
342.4100036621094,346.8699951171875,339.2699890136719,344.1199951171875,8881500
349.6600036621094,351.2099914550781,344.29998779296875,344.989990234375,6298300
349.92999267578125,354.95001220703125,348.8999938964844,351.010009765625,5772700
348.1600036621094,350.7900085449219,346.25,349.1300048828125,5642400
352.3699951171875,352.57000732421875,349.1300048828125,351.5,3946300
358.760009765625,359.010009765625,353.6000061035156,353.8999938964844,4583000
359.57000732421875,361.3800048828125,355.5299987792969,360.5899963378906,4172900
355.1199951171875,362.1000061035156,352.54998779296875,361.3900146484375,5004800
357.6099853515625,357.8500061035156,351.8399963378906,354.6600036621094,3911200
352.9100036621094,360.0,352.32000732421875,359.0,6065400
351.8800048828125,354.5799865722656,349.0199890136719,353.6499938964844,4123800
345.42999267578125,352.239990234375,344.30999755859375,352.0,5090000
344.79998779296875,349.44000244140625,344.2799987792969,345.7699890136719,4244700
344.7099914550781,346.9700012207031,340.54998779296875,341.1700134277344,4547400
346.510009765625,347.6700134277344,342.3999938964844,346.2200012207031,3815700
353.1000061035156,353.8500061035156,347.7300109863281,348.92999267578125,4490500
352.0199890136719,354.3299865722656,349.3399963378906,352.9800109863281,3128900
349.739990234375,354.0,348.3900146484375,352.260009765625,3548800
346.2200012207031,350.7200012207031,345.25,349.4599914550781,3434200
344.3299865722656,347.55999755859375,344.1400146484375,346.1600036621094,3283500
346.6499938964844,347.19000244140625,343.5899963378906,344.45001220703125,2517100
348.5,349.1300048828125,345.8500061035156,347.0,3392000
348.82000732421875,350.5899963378906,347.70001220703125,350.0,3711200
343.6000061035156,350.8599853515625,342.9599914550781,350.8599853515625,4032100
335.55999755859375,343.2099914550781,335.1099853515625,342.94000244140625,4966500
336.95001220703125,337.8500061035156,328.5299987792969,332.29998779296875,5695100
330.6499938964844,337.3900146484375,330.3599853515625,333.5299987792969,4588900
329.5799865722656,333.1400146484375,328.42999267578125,330.6000061035156,3726700
331.2699890136719,332.05999755859375,327.8299865722656,331.5299987792969,3845800
322.8299865722656,330.6400146484375,320.5,330.19000244140625,5685200
318.19000244140625,324.3699951171875,311.739990234375,324.1099853515625,6797200
318.989990234375,323.5799865722656,317.6700134277344,319.4200134277344,3874700
326.79998779296875,327.2799987792969,318.0,319.1000061035156,4269600
318.67999267578125,325.8500061035156,315.1600036621094,325.8500061035156,5257600
318.8800048828125,320.3699951171875,314.19000244140625,317.989990234375,4198800
312.9599914550781,316.9200134277344,311.55999755859375,315.3500061035156,4874400
312.5299987792969,318.1099853515625,310.239990234375,315.9599914550781,4798400
311.5400085449219,317.54998779296875,311.010009765625,313.1700134277344,4250700
308.05999755859375,309.07000732421875,302.54998779296875,307.95001220703125,5679800
310.3599853515625,312.4700012207031,307.8999938964844,311.25,3767500
309.2900085449219,311.95001220703125,307.1300048828125,310.2799987792969,3697600
314.6000061035156,315.44000244140625,312.1000061035156,315.2099914550781,4154200
306.6400146484375,314.1700134277344,305.57000732421875,312.94000244140625,4417900
304.1499938964844,306.30999755859375,301.2099914550781,303.92999267578125,4730100
304.04998779296875,307.4599914550781,298.1099853515625,307.04998779296875,5517600
310.20001220703125,312.44000244140625,306.6199951171875,307.3800048828125,4142100
309.1700134277344,310.30999755859375,303.75,309.3900146484375,3657600
308.6400146484375,310.989990234375,305.9200134277344,308.5899963378906,3704800
312.5,314.3900146484375,310.9800109863281,311.2699890136719,4472000
319.1099853515625,319.239990234375,314.1499938964844,314.7300109863281,4280100
315.9800109863281,318.9800109863281,314.79998779296875,318.9800109863281,5675800
312.2099914550781,316.7900085449219,309.6099853515625,316.0,3795700
314.95001220703125,315.0899963378906,308.6099853515625,312.6499938964844,3119300
310.94000244140625,313.79998779296875,310.3999938964844,312.5,2587500
312.1499938964844,315.7799987792969,311.4800109863281,313.3800048828125,2980900
313.6499938964844,313.7900085449219,309.3900146484375,310.5799865722656,2550700
308.739990234375,312.79998779296875,307.92999267578125,312.1600036621094,2877400
300.79998779296875,308.3800048828125,300.57000732421875,308.1000061035156,3217400
291.7099914550781,298.0,291.6099853515625,296.0799865722656,5882600
281.55999755859375,287.42999267578125,280.1000061035156,285.42999267578125,7109100
277.6400146484375,283.9599914550781,276.1000061035156,282.0899963378906,5838100
278.92999267578125,282.5,273.8699951171875,281.1600036621094,5821200
268.55999755859375,273.3999938964844,266.8800048828125,273.3900146484375,7199200
268.0799865722656,270.5,265.67999267578125,268.3900146484375,11562000
271.7699890136719,273.9800109863281,270.3399963378906,273.8500061035156,4906700
269.7900085449219,273.3999938964844,267.3800048828125,267.3800048828125,4220700
267.5199890136719,270.7099914550781,263.67999267578125,269.8500061035156,4727400
278.2799987792969,279.6700134277344,268.57000732421875,268.9700012207031,6451900
278.3999938964844,282.0299987792969,277.6099853515625,280.5299987792969,4134800
273.8599853515625,282.45001220703125,273.67999267578125,280.510009765625,3868000
273.489990234375,275.94000244140625,272.9700012207031,274.95001220703125,2995900
273.0199890136719,274.9200134277344,268.67999267578125,270.510009765625,4623500
277.5,278.3999938964844,271.6300048828125,272.5,3667300
275.69000244140625,275.8599853515625,271.3900146484375,274.20001220703125,3676900
275.6499938964844,277.510009765625,272.8699951171875,274.8399963378906,3033900
279.2799987792969,279.5899963378906,277.1000061035156,277.5,3949700
280.8299865722656,282.6099853515625,279.25,279.7900085449219,2983400
278.510009765625,281.4599914550781,277.8699951171875,279.3800048828125,2864400
277.2799987792969,282.17999267578125,276.6499938964844,277.57000732421875,3033000
277.4700012207031,280.0899963378906,274.45001220703125,275.3699951171875,4197400
274.4100036621094,275.3500061035156,271.20001220703125,273.0,3888500
278.4800109863281,280.0,276.05999755859375,277.5299987792969,4547400
276.260009765625,281.5,275.2099914550781,281.5,3273800
283.54998779296875,284.0799865722656,278.1700134277344,279.0,3590200
286.0400085449219,286.44000244140625,283.8999938964844,284.6400146484375,3877200
286.8500061035156,287.239990234375,282.0899963378906,287.0,3699000
285.92999267578125,289.3999938964844,283.6199951171875,288.1000061035156,2876100
287.989990234375,289.07000732421875,285.1499938964844,287.2099914550781,3136300
285.30999755859375,288.7099914550781,284.6499938964844,287.7900085449219,2512200
290.29998779296875,291.55999755859375,285.70001220703125,287.6700134277344,3613200
293.8999938964844,294.0299987792969,286.7699890136719,291.17999267578125,3986900
300.6000061035156,302.3999938964844,295.42999267578125,297.4200134277344,6976200
295.8599853515625,299.70001220703125,294.8299865722656,299.70001220703125,4192700
292.1700134277344,295.5299987792969,291.9200134277344,294.8699951171875,3166500
294.9599914550781,295.8800048828125,291.1000061035156,295.04998779296875,4061400
292.9100036621094,295.9800109863281,292.6199951171875,294.7300109863281,3946200
292.07000732421875,294.1000061035156,290.42999267578125,291.8699951171875,3395400
292.3399963378906,299.3299865722656,292.2699890136719,294.8699951171875,3965600
292.7699890136719,297.57000732421875,291.92999267578125,293.3500061035156,3872100
295.1099853515625,296.92999267578125,294.1000061035156,296.4800109863281,3705700
296.4700012207031,299.05999755859375,296.1199951171875,298.0,3144800
301.54998779296875,301.69000244140625,297.0,297.8999938964844,3231300
302.82000732421875,303.760009765625,297.3999938964844,298.6400146484375,2927200
306.6499938964844,308.1499938964844,303.760009765625,304.989990234375,3342600
304.260009765625,306.8900146484375,302.739990234375,305.2200012207031,2962600
304.2699890136719,304.57000732421875,301.54998779296875,304.44000244140625,2783100
297.2799987792969,303.2200012207031,296.80999755859375,302.95001220703125,4613100
288.69000244140625,294.4700012207031,287.8599853515625,294.0,4713900
289.6499938964844,291.6400146484375,288.1499938964844,288.8500061035156,2592100
293.5199890136719,294.0,289.4599914550781,290.0,3266100
298.1300048828125,298.4800109863281,292.8299865722656,293.7099914550781,3463700
289.9599914550781,299.6300048828125,289.6499938964844,299.4100036621094,5277200
287.45001220703125,289.8299865722656,285.75,288.3999938964844,3098300
285.4200134277344,289.32000732421875,284.7699890136719,288.7200012207031,3213700
280.79998779296875,288.010009765625,280.44000244140625,287.25,4999600
282.42999267578125,282.67999267578125,277.30999755859375,279.95001220703125,3765000
277.6700134277344,285.4200134277344,276.3699951171875,284.8399963378906,3793600
276.5899963378906,279.489990234375,275.3599853515625,278.010009765625,4362900
281.0400085449219,281.739990234375,275.4200134277344,275.739990234375,3509900
283.3399963378906,283.3999938964844,277.2900085449219,278.5799865722656,3542300
285.7699890136719,287.0199890136719,284.1300048828125,284.5400085449219,3125100
288.510009765625,289.239990234375,286.0299987792969,286.70001220703125,3407900
278.2900085449219,285.1400146484375,277.5,283.989990234375,4582700
278.4200134277344,280.2099914550781,275.6400146484375,279.0,3718400
276.70001220703125,281.2699890136719,276.3599853515625,278.69000244140625,3274500
274.80999755859375,276.3800048828125,273.260009765625,275.3500061035156,7288900
278.95001220703125,279.1300048828125,272.7200012207031,272.7900085449219,3291500
277.1300048828125,278.0400085449219,274.6099853515625,277.1700134277344,3275600
270.739990234375,278.9200134277344,270.7200012207031,278.8999938964844,3941800
268.510009765625,271.5,268.2699890136719,271.0299987792969,4120900
267.7699890136719,268.1400146484375,264.239990234375,266.010009765625,5175100
264.32000732421875,267.8399963378906,263.3699951171875,265.82000732421875,4929300
265.4700012207031,267.92999267578125,261.54998779296875,266.989990234375,5767700
271.7799987792969,273.6000061035156,264.9100036621094,265.6499938964844,5941800
269.5799865722656,272.1700134277344,265.5899963378906,269.8900146484375,5210700
267.0199890136719,272.94000244140625,266.6000061035156,269.2099914550781,6057500
272.79998779296875,274.57000732421875,267.1600036621094,269.5199890136719,4901000
280.489990234375,281.29998779296875,276.6000061035156,277.4200134277344,4633700
279.3599853515625,280.8800048828125,275.8399963378906,276.8699951171875,3350400
276.30999755859375,279.8500061035156,275.8999938964844,278.20001220703125,3394000
269.0400085449219,274.5,267.4800109863281,274.44000244140625,4270200
266.92999267578125,270.2099914550781,265.8599853515625,269.8900146484375,3106500
267.30999755859375,270.9700012207031,265.6099853515625,266.1000061035156,3442000
264.0,267.5199890136719,263.9599914550781,267.30999755859375,3342400
275.7799987792969,276.7799987792969,259.8500061035156,260.5799865722656,5483400
272.6700134277344,279.2200012207031,271.9700012207031,277.5899963378906,4292300
277.0199890136719,278.5899963378906,275.29998779296875,276.4800109863281,4452100
281.6700134277344,283.3599853515625,279.25,282.739990234375,4292700
278.3399963378906,282.3800048828125,276.9700012207031,280.3299865722656,3213700
273.5299987792969,279.44000244140625,273.0,278.07000732421875,3916600
282.510009765625,282.9200134277344,271.4599914550781,273.760009765625,4995400
287.4800109863281,289.3399963378906,283.989990234375,284.1000061035156,3860000
289.239990234375,289.8699951171875,286.8800048828125,288.7699890136719,3171000
288.5199890136719,291.79998779296875,287.67999267578125,289.75,3294100
289.8800048828125,294.0,288.8500061035156,290.30999755859375,4273800
299.6300048828125,299.9800109863281,291.4800109863281,292.7699890136719,4627600
295.0899963378906,298.8900146484375,294.8500061035156,297.9800109863281,4626400
294.1300048828125,298.8699951171875,293.0400085449219,298.45001220703125,3837000
289.4599914550781,298.260009765625,289.4200134277344,293.0400085449219,4269000
283.8500061035156,287.4700012207031,283.4599914550781,286.0199890136719,3122900
287.4700012207031,289.20001220703125,282.3800048828125,286.7699890136719,3925300
290.19000244140625,292.1000061035156,288.6499938964844,290.9200134277344,3522000
292.6099853515625,294.739990234375,289.010009765625,291.1099853515625,3562200
288.6499938964844,292.3999938964844,288.05999755859375,291.9800109863281,2759300
303.20001220703125,303.5,294.5400085449219,297.1099853515625,5693100
309.7200012207031,311.3299865722656,302.6000061035156,305.55999755859375,6570200
308.9100036621094,311.8399963378906,308.8399963378906,310.0,4637600
309.9800109863281,313.8900146484375,307.17999267578125,313.6700134277344,4372400
308.760009765625,311.54998779296875,306.739990234375,310.92999267578125,2970600
307.44000244140625,307.6199951171875,304.1499938964844,305.70001220703125,3062200
310.760009765625,311.20001220703125,308.6199951171875,310.54998779296875,3395500
311.20001220703125,312.8999938964844,308.5799865722656,310.80999755859375,2862000
315.760009765625,316.55999755859375,312.04998779296875,313.0,3172000
316.17999267578125,316.42999267578125,314.07000732421875,315.3900146484375,2684900
317.42999267578125,319.1199951171875,316.17999267578125,317.5199890136719,1844900
313.2699890136719,317.6400146484375,312.3299865722656,316.25,4230700
315.1300048828125,315.2900085449219,311.3500061035156,311.8900146484375,3740100
318.6000061035156,318.6000061035156,308.70001220703125,315.1300048828125,7919700
315.8399963378906,319.55999755859375,313.29998779296875,319.0,4351600
316.1499938964844,316.3800048828125,312.75,313.489990234375,3025700
310.57000732421875,315.6600036621094,308.7300109863281,315.2200012207031,3835800
307.7799987792969,310.2900085449219,306.3500061035156,309.95001220703125,3877400
305.82000732421875,309.3800048828125,304.9200134277344,307.07000732421875,4130800
305.989990234375,307.489990234375,305.0899963378906,306.0,2351700
306.3900146484375,308.3399963378906,304.7099914550781,305.32000732421875,3326000
311.45001220703125,311.9100036621094,305.4599914550781,307.54998779296875,4366700
312.3299865722656,318.9100036621094,310.82000732421875,318.3999938964844,5042800
309.2900085449219,316.3599853515625,308.3999938964844,312.739990234375,4056900
301.9100036621094,306.9599914550781,299.45001220703125,306.42999267578125,5103900
300.0,302.4700012207031,297.760009765625,299.04998779296875,8305700
300.0299987792969,301.4800109863281,297.1499938964844,300.510009765625,3842200
302.0,304.19000244140625,297.0,300.0899963378906,3090700
307.82000732421875,308.5400085449219,304.1600036621094,304.3800048828125,3264600
302.69000244140625,306.5,297.6400146484375,306.1000061035156,3560100
306.489990234375,306.57000732421875,300.92999267578125,302.8800048828125,2460400
305.54998779296875,308.5799865722656,304.6499938964844,306.45001220703125,2730900
303.42999267578125,307.4599914550781,303.260009765625,304.7699890136719,2628200
309.05999755859375,309.3800048828125,305.239990234375,305.94000244140625,2846200
308.8999938964844,309.0400085449219,305.6199951171875,306.95001220703125,3298300
309.9100036621094,312.3900146484375,307.3800048828125,310.07000732421875,3549900
314.54998779296875,316.8900146484375,311.25,312.0,5121200
312.8999938964844,314.2300109863281,310.0,313.57000732421875,3416300
318.69000244140625,320.1600036621094,313.3800048828125,315.0,3647900
315.5299987792969,320.5,314.75,319.0199890136719,4397400
316.3500061035156,316.79998779296875,313.3399963378906,315.0,3049100
320.3699951171875,320.57000732421875,316.6000061035156,318.5199890136719,2999500
318.92999267578125,321.32000732421875,317.7200012207031,321.1499938964844,3070300
317.6400146484375,318.4200134277344,315.7900085449219,317.489990234375,2773000
314.8599853515625,318.5199890136719,314.25,318.3999938964844,3478900
308.29998779296875,315.5400085449219,307.75,315.0,3406000
305.2300109863281,307.239990234375,303.8599853515625,306.1199951171875,3614600
309.8699951171875,310.010009765625,304.3599853515625,305.2099914550781,3770100
310.4200134277344,312.7300109863281,306.8500061035156,309.6300048828125,3086700
311.29998779296875,312.8299865722656,307.5,309.29998779296875,2234300
311.8999938964844,312.54998779296875,307.7099914550781,308.3299865722656,2299800
310.95001220703125,313.67999267578125,309.5799865722656,312.989990234375,2856600
309.1700134277344,311.7300109863281,308.3399963378906,309.7900085449219,3031200
307.3299865722656,309.510009765625,306.80999755859375,307.6000061035156,3474600
311.5199890136719,311.8599853515625,305.7900085449219,307.739990234375,3653400
310.57000732421875,312.6700134277344,306.3800048828125,309.6300048828125,3518300
311.8599853515625,312.6000061035156,308.29998779296875,312.3500061035156,4421400
308.510009765625,311.54998779296875,305.9200134277344,311.0,5385700
308.42999267578125,308.79998779296875,305.6000061035156,308.25,2973100
312.9700012207031,314.1499938964844,306.6300048828125,307.29998779296875,3786700
308.4800109863281,313.4100036621094,308.010009765625,311.1199951171875,3370000
307.2099914550781,311.4200134277344,306.989990234375,310.1700134277344,3461200
309.8900146484375,309.9800109863281,305.2799987792969,307.0799865722656,2808000
313.739990234375,313.739990234375,309.6199951171875,310.29998779296875,3261500
310.7900085449219,314.1000061035156,309.0400085449219,313.7799987792969,2907100
309.6300048828125,310.3699951171875,308.2799987792969,309.9800109863281,2410700
308.17999267578125,310.20001220703125,306.8699951171875,307.5799865722656,2801700
308.239990234375,308.4100036621094,305.4800109863281,307.1499938964844,2720500
302.7200012207031,307.29998779296875,300.5,306.1700134277344,4131100
303.1600036621094,305.2699890136719,301.7699890136719,303.20001220703125,2899500
303.07000732421875,305.55999755859375,300.25,305.010009765625,2736400
304.0199890136719,305.6199951171875,300.010009765625,300.3999938964844,3656200
304.6600036621094,305.7799987792969,302.010009765625,304.3699951171875,3652200
305.17999267578125,306.1499938964844,303.4100036621094,304.8900146484375,4736800
304.6199951171875,305.6199951171875,302.0799865722656,304.0199890136719,3397200
307.75,308.1000061035156,301.45001220703125,303.6600036621094,3152100
312.45001220703125,312.6600036621094,308.5,309.55999755859375,4493000
316.9700012207031,317.2900085449219,312.42999267578125,312.82000732421875,4889800
311.1199951171875,316.5,310.2300109863281,316.3900146484375,3609700
311.3699951171875,312.67999267578125,309.25,310.7200012207031,2701600
304.82000732421875,313.17999267578125,303.94000244140625,311.0,3929500
303.6300048828125,306.7200012207031,301.9200134277344,302.95001220703125,5294800
302.8800048828125,306.5899963378906,300.760009765625,301.75,4993000
305.3299865722656,307.54998779296875,301.67999267578125,306.9200134277344,5251500
297.8800048828125,300.54998779296875,294.8999938964844,300.0199890136719,7162800
302.010009765625,304.42999267578125,295.3599853515625,296.3699951171875,6325700
293.510009765625,301.29998779296875,292.4200134277344,301.29998779296875,15609400
301.05999755859375,301.510009765625,295.05999755859375,295.57000732421875,6056000
303.8500061035156,305.6300048828125,302.25,304.55999755859375,4724000
299.7300109863281,307.04998779296875,299.6499938964844,303.7200012207031,3086300
298.3699951171875,302.0799865722656,296.29998779296875,301.3900146484375,4015800
298.9200134277344,299.5,293.3900146484375,294.67999267578125,3905400
302.1400146484375,303.2099914550781,298.9700012207031,300.8800048828125,3833900
302.32000732421875,302.7200012207031,300.5899963378906,301.92999267578125,2436500
305.29998779296875,305.3800048828125,303.3599853515625,304.79998779296875,2650000
305.0799865722656,307.4700012207031,302.5799865722656,307.0899963378906,2694000
308.7699890136719,308.80999755859375,304.989990234375,305.8999938964844,5020200
310.30999755859375,311.5,308.239990234375,309.25,4862300
309.07000732421875,311.0,307.07000732421875,310.760009765625,2740300
310.3900146484375,311.07000732421875,307.8500061035156,307.8500061035156,2314500
312.510009765625,313.2200012207031,309.04998779296875,309.82000732421875,3131400
312.6199951171875,313.70001220703125,310.3299865722656,311.4100036621094,2330900
313.70001220703125,315.94000244140625,311.7699890136719,312.55999755859375,3109500
314.54998779296875,316.9200134277344,313.7200012207031,315.9700012207031,2662600
318.04998779296875,318.80999755859375,313.260009765625,315.2699890136719,3323300
319.739990234375,321.8800048828125,318.1199951171875,318.8900146484375,2975400
323.7900085449219,323.9800109863281,319.0,320.20001220703125,3425500
324.6300048828125,325.7200012207031,322.5,324.95001220703125,3581200
323.0899963378906,324.54998779296875,322.760009765625,323.8500061035156,2406200
323.82000732421875,324.3699951171875,321.32000732421875,322.20001220703125,2428400
324.3299865722656,324.8500061035156,321.6099853515625,322.3599853515625,2405700
326.04998779296875,326.3999938964844,324.29998779296875,324.42999267578125,2261900
324.3399963378906,327.1000061035156,324.1099853515625,325.989990234375,2552200
320.5299987792969,323.739990234375,319.0,323.30999755859375,2718600
326.2300109863281,326.9100036621094,322.1099853515625,322.8599853515625,2950000
328.54998779296875,328.80999755859375,325.19000244140625,325.44000244140625,2909600
330.1700134277344,331.8399963378906,328.57000732421875,329.1600036621094,2461300
325.8599853515625,330.25,322.760009765625,330.1499938964844,3366500
323.2200012207031,328.07000732421875,323.05999755859375,327.1300048828125,2653800
320.0,325.989990234375,317.4100036621094,323.44000244140625,3185600
323.8800048828125,325.1600036621094,322.6199951171875,323.3599853515625,3869500
326.1400146484375,330.69000244140625,325.7900085449219,328.260009765625,3302400
324.8699951171875,326.8800048828125,323.4800109863281,324.8699951171875,2283400
322.989990234375,326.1600036621094,320.1499938964844,326.0799865722656,2639800
322.6400146484375,322.9599914550781,319.80999755859375,321.0,2548900
322.489990234375,324.239990234375,320.5400085449219,323.82000732421875,1937300
323.5299987792969,323.8299865722656,320.1300048828125,322.8900146484375,2190000
323.75,324.69000244140625,322.3599853515625,322.4599914550781,2139500
327.3900146484375,328.260009765625,324.82000732421875,325.0199890136719,3046800
329.760009765625,329.9800109863281,325.8500061035156,326.8699951171875,2805000
330.3900146484375,333.94000244140625,329.1199951171875,331.0,4322900
329.1300048828125,331.489990234375,328.3500061035156,330.75,2762500
323.1099853515625,329.2699890136719,322.9700012207031,328.19000244140625,4029300
320.20001220703125,323.0,319.55999755859375,322.7099914550781,3071500
319.0199890136719,320.55999755859375,317.7099914550781,320.55999755859375,4245400
320.6000061035156,322.6300048828125,319.6700134277344,320.44000244140625,3229400
322.19000244140625,322.4700012207031,319.0,321.8599853515625,3231800
321.0799865722656,322.4100036621094,319.3900146484375,321.1199951171875,6175000
323.1199951171875,323.2200012207031,319.5299987792969,321.4200134277344,3375300
329.4800109863281,330.6700134277344,324.4200134277344,325.1600036621094,3962200
328.5799865722656,330.8900146484375,327.57000732421875,330.8900146484375,3091800
333.4100036621094,334.1600036621094,328.67999267578125,329.0400085449219,3181400
335.4200134277344,335.82000732421875,331.42999267578125,334.010009765625,3727800
335.95001220703125,336.32000732421875,334.1000061035156,335.489990234375,2759300
335.2900085449219,337.5899963378906,334.9200134277344,335.760009765625,2619200
333.6000061035156,335.3500061035156,332.2200012207031,335.1600036621094,2873400
336.3900146484375,336.6199951171875,332.20001220703125,333.2200012207031,2953000
335.8999938964844,340.3800048828125,334.0899963378906,337.2200012207031,5164600
339.82000732421875,341.67999267578125,335.5400085449219,335.9700012207031,4095200
338.30999755859375,341.29998779296875,337.6600036621094,341.0199890136719,8486200
338.6700134277344,339.2799987792969,336.6199951171875,338.1499938964844,3751700
338.6099853515625,341.3500061035156,336.3699951171875,337.29998779296875,4507000
336.9599914550781,338.8500061035156,335.6600036621094,338.8399963378906,3303300
335.25,337.4700012207031,334.19000244140625,335.1000061035156,4451700
334.1199951171875,335.8299865722656,331.8399963378906,335.1700134277344,3220900
335.3399963378906,336.7300109863281,334.3699951171875,334.3900146484375,2625600
334.1499938964844,336.3999938964844,332.6099853515625,336.04998779296875,3175100
336.9100036621094,337.010009765625,334.1400146484375,334.260009765625,2498900
341.0,342.5,338.3999938964844,338.7799987792969,4520600
342.0,342.0799865722656,338.4100036621094,340.75,2047400
341.55999755859375,341.8900146484375,338.70001220703125,340.04998779296875,2870700
341.4599914550781,341.79998779296875,338.9100036621094,339.75,2548300
340.8999938964844,344.07000732421875,340.3900146484375,340.5199890136719,2940800
341.1300048828125,343.4800109863281,339.8699951171875,340.4800109863281,2966500
343.3699951171875,343.8399963378906,340.92999267578125,341.2300109863281,2754900
345.3500061035156,346.44000244140625,344.30999755859375,345.2900085449219,2897100
343.5400085449219,346.2099914550781,343.45001220703125,345.6000061035156,2831800
341.0899963378906,345.0,340.510009765625,344.989990234375,2669300
344.25,345.7200012207031,341.0899963378906,341.0899963378906,2359500
345.3399963378906,347.25,343.5400085449219,344.04998779296875,2565300
342.42999267578125,345.3800048828125,341.989990234375,344.2099914550781,3032100
346.6099853515625,346.7900085449219,342.8500061035156,343.0899963378906,3146000
345.760009765625,347.6199951171875,345.1000061035156,346.760009765625,3301900
349.6300048828125,351.19000244140625,346.2799987792969,346.7699890136719,3269400
347.5799865722656,349.6600036621094,345.5400085449219,349.32000732421875,3014000
349.79998779296875,351.0899963378906,347.5199890136719,347.55999755859375,2682900
349.30999755859375,351.2699890136719,348.6000061035156,350.69000244140625,2706700
349.80999755859375,351.0,348.32000732421875,349.92999267578125,2473300
351.9599914550781,352.3299865722656,350.2099914550781,350.7300109863281,2621600
352.260009765625,353.4200134277344,351.25,352.0299987792969,2293300
351.19000244140625,352.8900146484375,349.69000244140625,351.45001220703125,3085900
353.80999755859375,354.4700012207031,349.4200134277344,350.2900085449219,2942000
349.989990234375,355.1099853515625,349.3900146484375,353.989990234375,2842000
362.5799865722656,364.6300048828125,355.1499938964844,355.7300109863281,5379900
363.7300109863281,364.25,358.8500061035156,359.4200134277344,3428800
358.0199890136719,364.42999267578125,356.05999755859375,364.20001220703125,4424600
356.9800109863281,362.3500061035156,355.9200134277344,359.3599853515625,3098800
358.3500061035156,359.25,353.20001220703125,356.260009765625,2475200
358.4800109863281,358.95001220703125,356.80999755859375,358.25,1990700
354.5,357.9200134277344,353.6700134277344,357.0,2863700
354.1099853515625,358.7200012207031,353.3800048828125,354.6000061035156,2196100
353.19000244140625,356.29998779296875,351.8800048828125,354.010009765625,2847700
352.55999755859375,354.29998779296875,351.25,351.4700012207031,2870600
352.0899963378906,354.17999267578125,349.6099853515625,354.0899963378906,2540000
350.57000732421875,353.5,349.6600036621094,353.010009765625,2363300
354.260009765625,354.32000732421875,351.5400085449219,351.6300048828125,2239500
354.29998779296875,357.2300109863281,354.1300048828125,354.3500061035156,2521100
355.92999267578125,357.3500061035156,352.9200134277344,354.989990234375,2136800
355.54998779296875,358.4100036621094,354.5299987792969,357.8900146484375,1728000
358.2900085449219,358.5899963378906,354.010009765625,355.0400085449219,2285600
361.05999755859375,362.67999267578125,358.6000061035156,358.6300048828125,3058300
360.20001220703125,362.4700012207031,359.25,362.17999267578125,2842300
362.4599914550781,363.3900146484375,360.6000061035156,362.0,2637900
360.4700012207031,366.4700012207031,360.0,363.8800048828125,2976800
361.6700134277344,362.79998779296875,359.260009765625,360.0199890136719,2655800
361.79998779296875,363.29998779296875,360.8699951171875,360.9599914550781,3263800
363.1499938964844,364.8299865722656,361.7699890136719,362.5199890136719,3019100
365.5199890136719,366.6099853515625,364.510009765625,364.8699951171875,2921600
367.7799987792969,370.42999267578125,365.4700012207031,365.6499938964844,2898400
367.82000732421875,370.8399963378906,365.9700012207031,369.3299865722656,3261400
369.5,370.2200012207031,368.260009765625,370.1000061035156,3670100
367.8599853515625,370.20001220703125,367.5199890136719,368.5199890136719,11595000
370.42999267578125,371.3299865722656,367.7900085449219,369.3299865722656,3130900
370.4800109863281,373.3399963378906,368.4599914550781,371.6400146484375,2603700
366.82000732421875,371.3399963378906,366.7300109863281,371.3299865722656,2268400
363.2799987792969,367.20001220703125,362.94000244140625,366.55999755859375,3178600
360.1600036621094,363.4200134277344,359.760009765625,362.7799987792969,3969400
361.7099914550781,361.8900146484375,357.2699890136719,359.010009765625,2556200
359.4200134277344,360.7900085449219,357.95001220703125,359.79998779296875,3063900
357.7799987792969,360.5199890136719,354.2699890136719,360.010009765625,3535400
357.05999755859375,359.4700012207031,356.6700134277344,357.79998779296875,2731700
350.29998779296875,357.5,348.54998779296875,357.29998779296875,4932900
348.0799865722656,350.0,345.4100036621094,349.6400146484375,3527600
343.0400085449219,348.239990234375,342.1300048828125,347.3900146484375,3151700
343.69000244140625,344.010009765625,339.510009765625,342.9200134277344,3244600
345.05999755859375,345.94000244140625,342.3699951171875,343.70001220703125,3027300
346.3399963378906,348.760009765625,341.8599853515625,344.1000061035156,3174700
345.45001220703125,345.8999938964844,342.8299865722656,344.239990234375,2762800
348.55999755859375,349.510009765625,345.5,347.0,2858600
348.42999267578125,349.6000061035156,344.9200134277344,349.3800048828125,2620800
345.6600036621094,348.6600036621094,343.0199890136719,348.2099914550781,2677500
345.0899963378906,348.44000244140625,343.8800048828125,346.0,2804800
346.2300109863281,349.94000244140625,345.8299865722656,348.0,3117800
345.3900146484375,348.4100036621094,344.1499938964844,346.17999267578125,2998600
340.8900146484375,344.8299865722656,339.9599914550781,344.7200012207031,2977100
338.6600036621094,342.69000244140625,338.45001220703125,340.30999755859375,2741300
335.8599853515625,340.0,334.3500061035156,338.1499938964844,3466100
336.8399963378906,338.8800048828125,333.489990234375,334.07000732421875,2794200
338.6300048828125,339.8500061035156,337.7699890136719,338.17999267578125,2355700
336.8999938964844,339.6199951171875,336.54998779296875,338.5899963378906,2623200
336.1600036621094,338.32000732421875,335.4599914550781,337.07000732421875,2685400
331.7099914550781,336.19000244140625,330.5799865722656,336.1199951171875,3608200
337.4100036621094,338.3599853515625,332.17999267578125,332.9599914550781,2634700
341.3299865722656,341.489990234375,337.5,337.95001220703125,3066900
343.75,345.3299865722656,340.5799865722656,341.2099914550781,2789700
349.0199890136719,349.3900146484375,344.5,346.3900146484375,3433700
351.80999755859375,354.3500061035156,349.7900085449219,350.1700134277344,4409100
346.6300048828125,354.0299987792969,344.05999755859375,354.0299987792969,5486200
346.1700134277344,346.95001220703125,344.29998779296875,346.80999755859375,3062900
346.29998779296875,348.0,344.69000244140625,346.8500061035156,2602400
348.17999267578125,350.1099853515625,346.8800048828125,347.6400146484375,3052100
350.55999755859375,351.20001220703125,348.6000061035156,349.6000061035156,3701100
350.010009765625,350.6499938964844,348.80999755859375,350.0899963378906,2196200
354.25,355.95001220703125,351.25,352.5199890136719,3387500
356.7900085449219,357.30999755859375,354.4800109863281,355.0199890136719,3572900
359.8599853515625,360.0,357.2300109863281,357.7900085449219,2822500
358.92999267578125,360.55999755859375,358.07000732421875,360.4700012207031,3260000
361.3299865722656,362.6099853515625,358.17999267578125,359.3500061035156,3215300
361.0,363.0299987792969,360.25,360.5799865722656,2918800
361.79998779296875,362.4599914550781,360.04998779296875,361.760009765625,2110200
362.67999267578125,363.19000244140625,361.239990234375,362.510009765625,1282000
361.3399963378906,362.6400146484375,359.5799865722656,362.6400146484375,2580300
360.04998779296875,362.1199951171875,359.2099914550781,361.54998779296875,2953500
358.69000244140625,361.5199890136719,358.29998779296875,360.95001220703125,3141100
360.0,360.42999267578125,358.4200134277344,359.45001220703125,4606800
357.07000732421875,360.239990234375,355.29998779296875,359.94000244140625,4705700
356.6600036621094,357.8299865722656,353.7900085449219,355.9100036621094,3053400
355.0299987792969,356.6000061035156,352.2900085449219,355.2300109863281,3061200
352.3800048828125,357.45001220703125,351.8900146484375,356.1499938964844,3039100
352.70001220703125,353.0199890136719,350.8500061035156,352.0,2830000
353.0799865722656,353.6700134277344,351.0199890136719,353.0,3289000
357.05999755859375,357.489990234375,354.2099914550781,355.0,3108400
360.0199890136719,360.4100036621094,356.760009765625,357.8999938964844,3188800
362.0299987792969,362.1499938964844,359.0400085449219,360.19000244140625,3132700
358.1199951171875,364.04998779296875,356.3800048828125,364.04998779296875,5512300
356.5,358.0,354.20001220703125,357.6300048828125,8578200
359.6499938964844,361.1400146484375,357.0,357.4200134277344,4526400
361.79998779296875,362.54998779296875,359.0899963378906,360.1499938964844,3084600
355.3500061035156,361.6600036621094,355.1199951171875,361.5199890136719,3926700
356.1400146484375,357.20001220703125,353.6300048828125,356.0199890136719,2851200
356.4700012207031,358.260009765625,355.4100036621094,356.5,2332200
356.8299865722656,357.7699890136719,356.0799865722656,356.8999938964844,1964400
356.95001220703125,357.0799865722656,355.5,355.92999267578125,2478500
357.57000732421875,358.67999267578125,356.7300109863281,357.4800109863281,2740600
356.6600036621094,357.8599853515625,355.30999755859375,357.55999755859375,3269400
362.4599914550781,362.57000732421875,355.94000244140625,356.32000732421875,4737000
366.75,367.8500061035156,361.07000732421875,362.0799865722656,4321800
363.67999267578125,369.3699951171875,363.4100036621094,367.4100036621094,4142800
365.5899963378906,366.29998779296875,364.19000244140625,364.8299865722656,2965200
368.17999267578125,368.29998779296875,364.20001220703125,366.010009765625,3445700
366.8999938964844,368.0,364.7699890136719,368.0,2998800
367.9200134277344,368.8299865722656,365.75,366.260009765625,2448100
363.3399963378906,367.8900146484375,362.1300048828125,367.80999755859375,3577800
363.6199951171875,366.8500061035156,362.57000732421875,366.510009765625,2623100
361.1000061035156,363.6000061035156,359.8900146484375,362.94000244140625,3046500
359.2900085449219,362.5299987792969,357.9800109863281,359.010009765625,2550300
362.3800048828125,362.6400146484375,358.29998779296875,359.25,3007800
366.989990234375,368.30999755859375,361.0199890136719,362.25,4063700
368.05999755859375,369.2699890136719,366.5299987792969,368.04998779296875,3552500
372.1400146484375,372.4200134277344,367.7099914550781,368.0199890136719,2896300
376.5899963378906,377.7900085449219,372.0299987792969,372.5299987792969,4589300
380.8500061035156,380.989990234375,377.8900146484375,379.239990234375,4055800
385.3999938964844,385.7300109863281,380.0,381.04998779296875,3621400
383.17999267578125,385.70001220703125,379.1700134277344,385.489990234375,3797400
387.1499938964844,387.6400146484375,380.0799865722656,383.239990234375,3090900
383.739990234375,387.9200134277344,383.54998779296875,386.5299987792969,3856400
386.44000244140625,386.54998779296875,381.4800109863281,384.0,2947100
390.75,392.07000732421875,386.44000244140625,386.67999267578125,3806800
390.760009765625,393.3699951171875,389.2900085449219,389.95001220703125,3651900
393.739990234375,393.92999267578125,390.0,390.2900085449219,2573400
397.6600036621094,399.1499938964844,394.3599853515625,394.6000061035156,3426800
397.489990234375,398.6499938964844,394.8500061035156,397.2200012207031,3357700
398.3599853515625,398.3599853515625,395.82000732421875,397.30999755859375,2509800
397.7099914550781,399.4800109863281,396.19000244140625,398.6499938964844,2817900
394.79998779296875,399.7099914550781,392.1000061035156,397.17999267578125,3458500
398.67999267578125,398.8599853515625,393.54998779296875,395.1499938964844,2669200
403.45001220703125,404.2699890136719,398.29998779296875,399.1400146484375,3076000
405.989990234375,406.739990234375,402.5899963378906,404.44000244140625,3532200
407.1499938964844,411.1099853515625,406.05999755859375,406.4700012207031,3530700
409.25,409.4800109863281,406.70001220703125,408.260009765625,2717600
415.1600036621094,416.260009765625,411.0,411.29998779296875,3687600
417.2200012207031,420.55999755859375,416.5199890136719,417.67999267578125,4015600
409.1400146484375,430.0,408.8500061035156,422.0,7432300
408.9100036621094,409.9599914550781,401.7099914550781,409.2099914550781,4609100
412.1400146484375,414.6700134277344,407.7099914550781,408.5,4067400
409.3999938964844,413.7900085449219,408.3800048828125,413.1000061035156,4845200
407.1099853515625,410.3900146484375,405.45001220703125,409.4800109863281,3282100
403.3900146484375,405.95001220703125,401.42999267578125,405.0,4179400
400.739990234375,403.3299865722656,398.7799987792969,402.54998779296875,4711700
403.9599914550781,407.44000244140625,401.70001220703125,402.17999267578125,3839100
402.3900146484375,406.3999938964844,399.57000732421875,406.1099853515625,4181300
403.1499938964844,403.3599853515625,400.010009765625,401.0799865722656,3410600
404.760009765625,405.010009765625,402.739990234375,403.29998779296875,2431700
404.9800109863281,407.20001220703125,404.1000061035156,406.7799987792969,2616700
408.1300048828125,409.0,404.1499938964844,405.29998779296875,3584600
406.7300109863281,409.0799865722656,403.3399963378906,409.0799865722656,3734700
408.1300048828125,408.4599914550781,402.5,404.2699890136719,7548800
408.4100036621094,410.6000061035156,406.0,408.70001220703125,3775700
411.760009765625,412.19000244140625,408.0899963378906,409.0799865722656,2795800
416.1099853515625,416.30999755859375,411.54998779296875,412.0199890136719,2932900
413.7799987792969,417.8299865722656,413.510009765625,416.70001220703125,3401600
411.6000061035156,414.3500061035156,411.3999938964844,413.0,2999600
409.9200134277344,411.07000732421875,408.9200134277344,410.6700134277344,2804200
411.57000732421875,412.6600036621094,408.6000061035156,410.0,2935100
416.92999267578125,417.2099914550781,413.3999938964844,413.6499938964844,2926000
420.5199890136719,421.44000244140625,415.8500061035156,417.79998779296875,4377400
420.20001220703125,421.6600036621094,417.80999755859375,421.489990234375,2716100
418.9200134277344,421.010009765625,418.0899963378906,419.75,3174900
420.239990234375,421.9100036621094,418.5199890136719,419.0,2740800
415.32000732421875,424.5199890136719,414.54998779296875,423.8399963378906,3800600
418.6199951171875,419.2699890136719,415.4100036621094,416.55999755859375,2738300
415.9700012207031,418.57000732421875,415.6300048828125,418.32000732421875,2485700
414.69000244140625,417.32000732421875,412.1199951171875,416.5799865722656,2233100
409.1099853515625,413.55999755859375,407.5299987792969,412.739990234375,3121300
407.6099853515625,411.1499938964844,404.04998779296875,408.3999938964844,2889900
403.260009765625,407.2099914550781,401.44000244140625,405.0,3467300
400.260009765625,409.05999755859375,399.8599853515625,406.989990234375,3002300
396.9200134277344,401.25,396.5,400.9700012207031,3435500
397.739990234375,399.2799987792969,395.6600036621094,398.94000244140625,2465600
399.8900146484375,402.989990234375,399.1000061035156,399.70001220703125,2669500
405.0799865722656,405.57000732421875,400.1700134277344,401.0400085449219,3996100
408.7799987792969,411.3500061035156,406.25,406.8399963378906,2980600
408.739990234375,410.7200012207031,405.6400146484375,410.25,2287600
405.95001220703125,407.6199951171875,403.8800048828125,407.1000061035156,2506900
404.9100036621094,406.1400146484375,400.3500061035156,404.8500061035156,2670200
402.1000061035156,404.75,401.4100036621094,403.9200134277344,3023100
400.9599914550781,404.8699951171875,400.0799865722656,402.6600036621094,2363600
396.7300109863281,400.6000061035156,396.3699951171875,400.5799865722656,3070500
398.5799865722656,402.32000732421875,396.3500061035156,396.6099853515625,2605000
400.6000061035156,401.55999755859375,397.8800048828125,401.0,2672200
400.8699951171875,404.5,399.2099914550781,404.5,4119100
404.9200134277344,405.1499938964844,399.260009765625,403.9599914550781,3918900
406.1400146484375,407.260009765625,403.6099853515625,406.92999267578125,3084200
406.3699951171875,407.2300109863281,403.75,406.4700012207031,2398100
408.82000732421875,408.8699951171875,405.4599914550781,406.25,2356600
412.04998779296875,412.3800048828125,409.20001220703125,409.8500061035156,3084500
411.2200012207031,414.29998779296875,410.19000244140625,414.05999755859375,2710300
410.239990234375,411.55999755859375,408.1700134277344,410.45001220703125,2672400
412.760009765625,413.3999938964844,410.1000061035156,410.510009765625,2854600
413.1199951171875,416.3399963378906,412.9100036621094,413.79998779296875,3549700
416.94000244140625,417.3299865722656,413.70001220703125,413.9800109863281,2988700
413.0,417.2799987792969,412.6199951171875,417.0400085449219,3287900
414.3699951171875,415.70001220703125,412.55999755859375,413.5899963378906,2731900
413.989990234375,417.260009765625,412.9599914550781,414.95001220703125,2664400
405.8800048828125,413.25,404.8699951171875,413.25,3392300
407.4100036621094,407.9599914550781,405.5,406.8999938964844,2067700
403.8999938964844,408.239990234375,401.8699951171875,408.239990234375,3315400
404.0899963378906,405.8699951171875,401.5799865722656,403.0,3426800
408.6099853515625,409.0400085449219,402.7699890136719,403.7699890136719,2905300
414.3999938964844,415.3999938964844,406.8800048828125,408.0899963378906,5190000
414.7900085449219,416.7200012207031,408.7799987792969,414.8900146484375,4903000
409.5299987792969,415.8900146484375,406.44000244140625,414.8500061035156,4154800
409.8500061035156,410.2799987792969,405.7699890136719,410.1000061035156,2634400
411.0799865722656,411.239990234375,407.3800048828125,410.4200134277344,3438900
413.7200012207031,415.8800048828125,409.8500061035156,411.2799987792969,2942100
410.80999755859375,413.94000244140625,409.2699890136719,413.3399963378906,2667300
408.5,408.9100036621094,406.1099853515625,408.8800048828125,3605900
408.7699890136719,411.8900146484375,407.1600036621094,411.0899963378906,3551900
405.9200134277344,408.0,403.57000732421875,407.6300048828125,4563300
405.5400085449219,406.3399963378906,403.3299865722656,404.8999938964844,2768600
407.32000732421875,407.82000732421875,403.54998779296875,405.17999267578125,3406500
407.95001220703125,408.5,405.2799987792969,406.75,4005300
409.1499938964844,411.0,404.04998779296875,407.25,4844700
409.6199951171875,410.4700012207031,407.67999267578125,409.82000732421875,9009400
413.9800109863281,417.0,410.0,410.70001220703125,4933300
410.9700012207031,414.25,409.6199951171875,414.0,3879800
410.260009765625,410.67999267578125,407.25,410.0199890136719,3334300
407.95001220703125,410.260009765625,406.3399963378906,410.260009765625,3218600
406.79998779296875,410.04998779296875,405.7900085449219,408.25,6819800
405.19000244140625,409.6700134277344,403.82000732421875,408.0899963378906,2974100
407.1000061035156,407.3900146484375,403.9200134277344,404.0199890136719,3220900
405.7699890136719,407.1600036621094,404.2200012207031,407.1600036621094,1970300
411.1700134277344,411.3999938964844,405.0299987792969,406.239990234375,5149200
409.0799865722656,413.7900085449219,408.0,411.2699890136719,3559500
410.5199890136719,413.7099914550781,408.6400146484375,409.4200134277344,2989700
413.7900085449219,413.9599914550781,409.3999938964844,410.80999755859375,3791800
418.7799987792969,419.20001220703125,412.0,413.989990234375,4065200
424.44000244140625,427.45001220703125,419.70001220703125,420.2300109863281,4834600
434.4200134277344,434.7099914550781,425.29998779296875,425.5899963378906,4594900
438.8999938964844,439.04998779296875,434.0199890136719,437.3999938964844,4293700
445.6099853515625,446.1499938964844,437.8399963378906,437.8500061035156,4776600
441.82000732421875,449.25,439.57000732421875,445.6199951171875,4638300
434.4700012207031,442.79998779296875,433.3500061035156,442.6700134277344,4158800
435.9800109863281,438.1099853515625,432.1199951171875,435.04998779296875,2995700
434.010009765625,437.9200134277344,433.4700012207031,437.3399963378906,2393000
432.79998779296875,435.4100036621094,430.7300109863281,433.989990234375,3143700
433.2900085449219,439.6300048828125,431.6000061035156,431.6000061035156,3334300
437.6600036621094,439.0,434.1000061035156,435.6600036621094,2717600
438.30999755859375,439.44000244140625,435.489990234375,438.010009765625,2620000
441.260009765625,443.8900146484375,439.1400146484375,439.510009765625,3736400
438.5,440.8500061035156,437.739990234375,439.8500061035156,3798800
431.80999755859375,440.6099853515625,430.95001220703125,439.6700134277344,3892300
428.3599853515625,436.25,423.489990234375,429.7699890136719,4251500
413.7200012207031,417.82000732421875,406.1099853515625,413.42999267578125,7695100
422.1400146484375,427.4599914550781,415.1000061035156,416.4100036621094,5138700
427.0199890136719,433.1700134277344,425.6000061035156,426.07000732421875,4745600
431.5400085449219,432.260009765625,427.6000061035156,429.239990234375,3150000
431.6700134277344,434.75,430.2099914550781,431.9200134277344,2602600
430.3900146484375,434.1600036621094,429.010009765625,434.1600036621094,2376000
432.4100036621094,432.80999755859375,425.8999938964844,431.8299865722656,3472000
438.4700012207031,438.9800109863281,431.7099914550781,433.0,2860200
440.8399963378906,442.5899963378906,438.7200012207031,441.79998779296875,3226400
444.510009765625,445.20001220703125,440.45001220703125,441.54998779296875,3345000
448.7699890136719,450.45001220703125,445.7300109863281,446.010009765625,3385300
448.3599853515625,450.5,446.3800048828125,449.29998779296875,2906500
446.6000061035156,451.2799987792969,443.8399963378906,449.8399963378906,3028500
449.0299987792969,449.6000061035156,444.6499938964844,446.29998779296875,3502800
453.3800048828125,453.7200012207031,448.80999755859375,450.0,2805400
454.489990234375,459.2699890136719,453.3399963378906,455.30999755859375,3575800
460.6300048828125,462.1000061035156,454.6199951171875,455.94000244140625,3764700
464.5899963378906,466.6000061035156,460.7799987792969,461.1700134277344,4838100
468.3699951171875,469.8500061035156,463.0,467.1099853515625,4459400
475.9200134277344,476.95001220703125,470.0,470.5199890136719,7465800
476.8299865722656,482.8900146484375,473.7200012207031,475.0,7511900
478.57000732421875,484.82000732421875,474.2200012207031,478.67999267578125,5309400
464.9200134277344,479.42999267578125,462.8800048828125,479.42999267578125,6213200
459.4200134277344,468.1700134277344,458.54998779296875,463.82000732421875,4400300
459.6099853515625,466.0,459.260009765625,463.9700012207031,4571000
458.9200134277344,464.32000732421875,456.2099914550781,461.82000732421875,3544100
453.1000061035156,457.6199951171875,445.25,457.6199951171875,5772700
450.8699951171875,455.0,449.2699890136719,454.8399963378906,3848700
447.6099853515625,452.42999267578125,447.2099914550781,451.5799865722656,3882600
451.7799987792969,452.989990234375,448.3399963378906,448.79998779296875,3264400
456.67999267578125,461.1000061035156,453.2900085449219,453.5,3824300
456.6000061035156,459.8399963378906,454.8800048828125,458.0799865722656,3065200
459.7099914550781,462.19000244140625,457.25,462.0,3891300
455.30999755859375,457.95001220703125,454.04998779296875,457.760009765625,8468800
454.9800109863281,459.6499938964844,453.4200134277344,457.30999755859375,3485100
454.55999755859375,455.6000061035156,451.7699890136719,454.3299865722656,3009900
452.3599853515625,455.80999755859375,451.2099914550781,454.8999938964844,2843300
454.17999267578125,457.0,451.3399963378906,452.739990234375,3262000
457.4700012207031,458.2699890136719,455.0400085449219,456.0400085449219,2728000
460.260009765625,460.6300048828125,454.54998779296875,458.3999938964844,3631100
457.4100036621094,459.7900085449219,454.82000732421875,459.1099853515625,3043700
456.6700134277344,458.70001220703125,454.19000244140625,458.70001220703125,2803400
452.9599914550781,455.9700012207031,450.9200134277344,455.4700012207031,2564700
461.9700012207031,462.17999267578125,453.80999755859375,455.010009765625,3090200
453.5,462.3399963378906,452.4100036621094,462.3399963378906,3222100
453.79998779296875,457.55999755859375,452.8500061035156,455.9599914550781,2234100
455.8999938964844,457.8800048828125,452.3599853515625,452.75,2206100
454.92999267578125,457.510009765625,452.7200012207031,457.5,2375800
460.2099914550781,463.45001220703125,455.8999938964844,455.8999938964844,3242000
459.9800109863281,462.0,458.1000061035156,461.9200134277344,2969800
462.67999267578125,466.6600036621094,460.510009765625,460.989990234375,3929900
465.69000244140625,466.0,462.20001220703125,463.25,3166300
465.8500061035156,467.8399963378906,464.2699890136719,466.1000061035156,2520900
464.79998779296875,467.0,463.25,467.0,5635500
464.1600036621094,465.7900085449219,461.67999267578125,464.5299987792969,3131500
461.45001220703125,465.1499938964844,457.6000061035156,464.1099853515625,3315200
460.6099853515625,463.260009765625,458.75,460.1499938964844,3655200
457.7699890136719,461.04998779296875,453.9599914550781,460.8999938964844,3793500
454.010009765625,459.45001220703125,453.0299987792969,458.6000061035156,2838900
458.489990234375,459.239990234375,455.0,455.5899963378906,4103400
454.6199951171875,458.9200134277344,454.3900146484375,458.6000061035156,3985200
454.9599914550781,457.6700134277344,453.82000732421875,454.6700134277344,2692100
450.9200134277344,456.8399963378906,450.57000732421875,455.19000244140625,3660300
452.1400146484375,455.1199951171875,450.70001220703125,451.489990234375,2971300
442.2900085449219,450.70001220703125,437.8999938964844,450.3699951171875,5733200
445.05999755859375,445.2300109863281,441.1000061035156,442.2900085449219,3154400
468.8999938964844,469.260009765625,459.4800109863281,461.0,6906800
460.1300048828125,468.4599914550781,460.1000061035156,468.2699890136719,4238000
463.4100036621094,466.3500061035156,459.5,461.9800109863281,3541300
467.3599853515625,470.510009765625,464.0,466.010009765625,4119100
466.2900085449219,468.4200134277344,465.1499938964844,467.69000244140625,4400500
468.1000061035156,468.3999938964844,464.0,466.4100036621094,2861700
467.70001220703125,469.45001220703125,466.0,468.80999755859375,3777300
470.2799987792969,472.260009765625,465.19000244140625,466.739990234375,5817700
472.20001220703125,472.6700134277344,468.3599853515625,470.9800109863281,3357100
468.8599853515625,470.7699890136719,465.010009765625,470.7699890136719,3656200
468.8299865722656,470.6099853515625,466.1099853515625,470.0,3019500
472.05999755859375,474.6600036621094,467.0,469.45001220703125,4116800
476.57000732421875,477.44000244140625,471.6099853515625,472.2699890136719,3885200
477.42999267578125,482.5,476.7900085449219,479.1300048828125,5246600
478.55999755859375,479.3999938964844,472.8500061035156,478.20001220703125,3332000
483.0799865722656,491.6700134277344,480.8699951171875,481.0,5359300
483.0199890136719,486.010009765625,482.04998779296875,485.3699951171875,2969700
477.3299865722656,485.0899963378906,474.75,484.79998779296875,5031500
470.19000244140625,478.29998779296875,468.80999755859375,478.1600036621094,4931600
468.32000732421875,471.3399963378906,466.5,471.0899963378906,3941100
470.57000732421875,472.739990234375,468.7200012207031,468.7799987792969,3320200
470.5,472.0799865722656,467.82000732421875,470.5799865722656,3270900
463.8699951171875,471.70001220703125,463.4200134277344,470.6000061035156,3748200
462.489990234375,464.989990234375,459.5,464.4200134277344,3648500
461.3900146484375,465.4800109863281,458.7699890136719,463.3299865722656,3876900
458.6300048828125,463.57000732421875,458.0799865722656,462.1600036621094,2571300
457.8999938964844,460.510009765625,457.010009765625,460.510009765625,3474300
455.20001220703125,460.4200134277344,454.5799865722656,459.1700134277344,4514000
455.6600036621094,456.6199951171875,452.05999755859375,454.70001220703125,5057500
446.5899963378906,458.7300109863281,446.0899963378906,457.05999755859375,4361900
449.3399963378906,453.79998779296875,448.8900146484375,451.7300109863281,4645200
453.20001220703125,458.6499938964844,447.19000244140625,449.1099853515625,12943900
454.3500061035156,454.54998779296875,449.82000732421875,453.19000244140625,3836000
458.6600036621094,458.989990234375,454.07000732421875,455.4100036621094,1761200
459.0799865722656,459.4800109863281,455.79998779296875,457.2699890136719,2159600
456.510009765625,461.1300048828125,454.4800109863281,457.29998779296875,3237700
452.1600036621094,454.69000244140625,449.17999267578125,454.25,2831400
453.2799987792969,454.3299865722656,451.1099853515625,452.2099914550781,3380700
451.1000061035156,456.8900146484375,450.0299987792969,455.9599914550781,3746400
453.55999755859375,454.5299987792969,450.1199951171875,452.5299987792969,2884600
451.4100036621094,456.239990234375,450.57000732421875,453.8500061035156,4072900
452.9200134277344,456.5199890136719,451.1000061035156,452.79998779296875,3507200
451.8399963378906,454.0,449.6300048828125,453.6300048828125,3933300
442.6600036621094,453.0,440.1000061035156,452.6600036621094,5471900
443.9100036621094,445.0,441.1499938964844,442.0400085449219,3639200
450.0299987792969,450.29998779296875,443.9200134277344,445.5,4055600
458.510009765625,459.0899963378906,453.2699890136719,455.54998779296875,4719400
462.80999755859375,462.9599914550781,458.29998779296875,458.92999267578125,3475700
467.95001220703125,470.17999267578125,462.45001220703125,464.7099914550781,6467000
468.57000732421875,473.1700134277344,467.7200012207031,471.0,4910200
460.510009765625,468.8900146484375,455.2799987792969,468.5899963378906,5838500
459.8299865722656,464.760009765625,458.0,461.67999267578125,4424500
463.19000244140625,463.80999755859375,457.0799865722656,459.20001220703125,3070300
474.70001220703125,474.92999267578125,464.29998779296875,464.29998779296875,4535600
469.9700012207031,473.92999267578125,469.29998779296875,473.92999267578125,3261300
469.260009765625,473.9200134277344,468.0,469.8800048828125,2524200
472.3500061035156,474.05999755859375,469.1499938964844,472.20001220703125,2552200
468.6700134277344,472.54998779296875,467.010009765625,471.8399963378906,5439800
464.6099853515625,466.739990234375,454.6000061035156,461.29998779296875,4232000
467.489990234375,467.9100036621094,462.70001220703125,464.94000244140625,3238400
473.7300109863281,474.239990234375,468.8900146484375,469.80999755859375,3782800
477.2200012207031,478.0,473.2799987792969,475.4599914550781,3832700
472.739990234375,478.25,472.3399963378906,477.4100036621094,3205100
470.1700134277344,474.20001220703125,469.3699951171875,473.9599914550781,2907300
472.6099853515625,473.04998779296875,466.7200012207031,470.04998779296875,2322600
471.7300109863281,472.1499938964844,468.0899963378906,470.44000244140625,3297600
480.489990234375,481.19000244140625,471.20001220703125,471.54998779296875,3274700
479.5899963378906,484.54998779296875,479.45001220703125,481.4700012207031,2825800
482.82000732421875,484.05999755859375,477.6300048828125,480.3999938964844,3351000
483.7699890136719,484.7200012207031,480.67999267578125,482.82000732421875,2436500
481.79998779296875,484.20001220703125,478.1400146484375,484.1300048828125,2651000
478.739990234375,483.6400146484375,477.739990234375,480.95001220703125,4085100
498.4200134277344,503.9599914550781,483.239990234375,483.5,9862400
499.82000732421875,507.0,491.8999938964844,503.1499938964844,6757500
494.1000061035156,499.8999938964844,493.04998779296875,499.1199951171875,3543500
502.4100036621094,504.95001220703125,495.6099853515625,496.45001220703125,4507700
513.8300170898438,515.3699951171875,504.3299865722656,507.4599914550781,6850300
510.0799865722656,518.77001953125,506.4800109863281,516.219970703125,5112300
495.8599853515625,508.7300109863281,493.6099853515625,507.2699890136719,6126600
498.5,500.92999267578125,492.32000732421875,496.0,4715800
497.8399963378906,499.1000061035156,491.6300048828125,496.8399963378906,3989700
495.6199951171875,498.2699890136719,490.1099853515625,496.2900085449219,3842200
497.1000061035156,500.45001220703125,490.0,490.0,6262000
496.25,499.1499938964844,491.30999755859375,496.0,5358300
495.94000244140625,498.32000732421875,488.75,497.6000061035156,3871100
504.25,507.3999938964844,494.75,496.4599914550781,5104200
514.5999755859375,515.8400268554688,502.9200134277344,506.95001220703125,5775600
523.010009765625,524.7100219726562,513.2100219726562,514.6199951171875,5343400
523.1400146484375,528.3800048828125,521.4199829101562,525.4500122070312,4857800
525.27001953125,526.7100219726562,520.6599731445312,525.6900024414062,3798000
528.72998046875,530.6099853515625,522.6699829101562,524.0,4065400
521.9099731445312,528.9600219726562,520.72998046875,528.3099975585938,8546300
525.8499755859375,527.2999877929688,521.47998046875,523.0999755859375,4858900
528.8699951171875,533.2899780273438,525.8800048828125,527.1799926757812,3964800
533.2100219726562,537.6300048828125,530.97998046875,531.0,5004400
534.52001953125,537.3800048828125,529.3499755859375,533.25,5154600
526.3099975585938,536.0,524.6799926757812,535.3499755859375,5321400
532.5800170898438,536.52001953125,519.0,521.4000244140625,7139300
532.989990234375,536.4099731445312,527.5,531.8800048828125,4130600
537.719970703125,539.0,530.8200073242188,532.1300048828125,4079000
530.1599731445312,538.7999877929688,525.1400146484375,527.6199951171875,6410900
493.5400085449219,521.0,492.9800109863281,519.0,12605000
490.3800048828125,505.8500061035156,462.1000061035156,467.4200134277344,12749700
492.6400146484375,516.0,484.19000244140625,509.0299987792969,9470100
521.4099731445312,523.9299926757812,485.55999755859375,490.0,10153700
515.8099975585938,521.4099731445312,498.6099853515625,518.2999877929688,7475900
524.1099853515625,526.5800170898438,510.7699890136719,515.0,6231000
529.52001953125,536.52001953125,526.97998046875,531.0,5512100
528.1699829101562,535.9199829101562,527.3599853515625,532.6199951171875,4329200
516.4500122070312,530.1300048828125,512.8900146484375,529.2999877929688,5889300
518.2100219726562,523.8800048828125,514.5700073242188,518.9000244140625,5322200
506.9200134277344,518.6699829101562,498.0799865722656,517.530029296875,4908400
520.7899780273438,522.219970703125,511.6499938964844,514.22998046875,4768500
526.8099975585938,532.27001953125,523.8900146484375,527.5,4294500
531.6400146484375,533.1300048828125,523.1599731445312,526.8099975585938,3173400
530.9600219726562,532.4400024414062,526.7899780273438,531.75,2742800
530.9400024414062,536.8200073242188,526.5800170898438,533.6300048828125,4238700
534.5700073242188,535.3400268554688,528.2899780273438,531.0,3177700
533.25,535.719970703125,524.0,531.510009765625,5251600
530.22998046875,533.27001953125,528.2999877929688,531.0,4693100
539.7999877929688,542.0700073242188,535.260009765625,536.75,4945600
512.1500244140625,521.1799926757812,502.79998779296875,520.0800170898438,16380200
512.3300170898438,515.75,507.989990234375,509.57000732421875,6088600
518.219970703125,520.25,513.0,515.02001953125,5573800
513.25,521.260009765625,513.0399780273438,520.97998046875,5018600
513.739990234375,515.9099731445312,510.25,514.25,3621400
514.2999877929688,520.2999877929688,510.25,520.2999877929688,6368000
511.8800048828125,515.75,511.79998779296875,515.6400146484375,4504100
503.3999938964844,511.8500061035156,502.79998779296875,511.8500061035156,6384100
507.3299865722656,509.7799987792969,501.6199951171875,502.3800048828125,5040900
514.3099975585938,514.3300170898438,506.79998779296875,509.6300048828125,4997300
512.3900146484375,513.7899780273438,510.1000061035156,513.6199951171875,3441500
508.739990234375,512.0800170898438,506.54998779296875,511.1099853515625,3737000
507.0299987792969,510.0,505.3999938964844,507.4100036621094,3815800
503.57000732421875,507.3999938964844,502.6400146484375,505.1000061035156,3244800
503.4599914550781,505.5,500.25,501.010009765625,3166800
509.1600036621094,509.75,505.010009765625,506.42999267578125,4928300
503.1099853515625,509.1000061035156,502.8299865722656,508.3900146484375,3613900
506.17999267578125,506.54998779296875,501.20001220703125,504.0,3656000
503.9599914550781,505.7200012207031,500.19000244140625,505.19000244140625,9153100
502.80999755859375,503.2300109863281,499.4700012207031,501.70001220703125,4914000
497.8299865722656,502.7900085449219,493.510009765625,501.0,5923100
491.0,496.989990234375,490.8800048828125,496.94000244140625,5297600
488.739990234375,491.0,485.6000061035156,490.75,5154900
493.5299987792969,496.1000061035156,491.6300048828125,491.6300048828125,3948300
493.3299865722656,494.5299987792969,488.8800048828125,493.70001220703125,3987500
491.1300048828125,492.8999938964844,489.5,492.6600036621094,3951500
488.1400146484375,492.25,486.6700134277344,491.04998779296875,4595900
490.3399963378906,490.44000244140625,483.7799987792969,486.239990234375,3535200
487.5400085449219,491.0799865722656,485.8500061035156,486.2699890136719,4001000
490.2300109863281,491.8500061035156,488.5400085449219,489.7300109863281,3937600
483.4800109863281,489.3999938964844,483.25,489.1099853515625,3956300
485.1400146484375,486.70001220703125,482.75,484.1000061035156,4893600
484.8500061035156,486.67999267578125,483.42999267578125,484.95001220703125,7620400
487.7699890136719,488.5,481.7200012207031,485.4200134277344,4141000
493.4800109863281,497.739990234375,488.8900146484375,489.42999267578125,5111700
486.2099914550781,496.0,486.1400146484375,494.5,4260600
485.04998779296875,487.9800109863281,484.25,486.5400085449219,4212900
485.67999267578125,489.67999267578125,484.3999938964844,485.7699890136719,6129300
485.7699890136719,487.6499938964844,483.44000244140625,485.8999938964844,6384300
489.6099853515625,491.0899963378906,483.79998779296875,485.7799987792969,4776000
480.4800109863281,489.92999267578125,478.6199951171875,489.42999267578125,6707200
485.0,486.54998779296875,480.3599853515625,480.8900146484375,3443300
478.0299987792969,486.0799865722656,476.79998779296875,484.4200134277344,4674400
477.4700012207031,480.0,473.5799865722656,477.3500061035156,4116200
478.9100036621094,479.489990234375,475.8299865722656,477.0,3367400
478.2699890136719,478.54998779296875,475.5,477.8699951171875,4573300
475.8599853515625,476.8500061035156,471.3999938964844,476.25,4416600
476.30999755859375,478.1300048828125,473.4599914550781,474.32000732421875,4294700
470.1300048828125,475.7200012207031,470.0,475.29998779296875,4482300
471.30999755859375,472.9200134277344,468.8800048828125,471.20001220703125,3796900
473.3999938964844,474.1499938964844,467.6499938964844,470.07000732421875,4040000
473.79998779296875,478.6400146484375,473.5,474.0,4015800
474.4100036621094,478.3500061035156,472.0,473.0400085449219,3791300
478.1300048828125,483.1400146484375,475.0,475.5,4521500
482.6300048828125,484.45001220703125,479.20001220703125,480.25,4385600
480.6000061035156,486.1700134277344,480.6000061035156,482.6700134277344,5044800
484.07000732421875,484.92999267578125,479.6600036621094,481.6700134277344,4220500
481.70001220703125,486.8999938964844,481.1000061035156,484.3500061035156,3626100
476.55999755859375,485.0,476.2799987792969,482.57000732421875,4193200
476.0,479.4100036621094,473.8800048828125,475.1300048828125,3803000
471.8800048828125,477.70001220703125,471.8800048828125,472.6099853515625,6315300
472.8399963378906,475.9599914550781,470.6199951171875,473.4700012207031,5287500
459.1099853515625,468.8699951171875,455.19000244140625,468.04998779296875,10874300
464.19000244140625,467.5799865722656,460.3800048828125,460.6000061035156,6780700
468.9100036621094,469.54998779296875,463.0,465.0,4557100
461.4700012207031,472.70001220703125,461.3699951171875,469.20001220703125,5755700
465.3999938964844,465.8299865722656,462.54998779296875,462.94000244140625,3330600
464.7300109863281,468.489990234375,463.5,466.4599914550781,3712100
470.3900146484375,472.4700012207031,465.05999755859375,465.5299987792969,3767300
477.30999755859375,479.6000061035156,471.5,471.70001220703125,4629400
479.2200012207031,479.2200012207031,474.4200134277344,478.3500061035156,4187100
477.20001220703125,482.4800109863281,476.2900085449219,482.3500061035156,5229800
478.5199890136719,479.0,474.6600036621094,477.9700012207031,3911300
485.30999755859375,485.8999938964844,479.7699890136719,479.7699890136719,4726400
488.67999267578125,492.2200012207031,485.8299865722656,487.0,4779800
488.5899963378906,489.04998779296875,483.67999267578125,487.239990234375,3082200
489.0,493.1400146484375,486.57000732421875,491.5,4205100
486.17999267578125,489.0199890136719,481.8299865722656,489.010009765625,3935100
492.2099914550781,492.7900085449219,484.5299987792969,485.0199890136719,8217500
495.7200012207031,497.2099914550781,490.6000061035156,491.0799865722656,4385900
499.8599853515625,500.1400146484375,496.07000732421875,498.0299987792969,4530400
502.9800109863281,506.7200012207031,500.8500061035156,500.8500061035156,4663600
501.1400146484375,505.8999938964844,497.6199951171875,504.239990234375,4977800
501.489990234375,502.1099853515625,496.5899963378906,499.54998779296875,3206200
506.9100036621094,507.3800048828125,501.260009765625,502.8999938964844,2976700
499.7699890136719,507.6600036621094,497.75,506.0,4222900
493.7799987792969,499.6499938964844,493.4599914550781,499.0,5146300
492.7200012207031,496.8500061035156,491.7200012207031,492.45001220703125,3748700
490.0799865722656,491.70001220703125,486.2699890136719,490.0,5561600
496.9100036621094,497.239990234375,489.0299987792969,489.3299865722656,3669000
493.739990234375,497.6300048828125,493.3399963378906,495.75,2951700
491.5400085449219,495.2699890136719,489.5,493.6000061035156,3629800
490.989990234375,491.9200134277344,487.20001220703125,491.2699890136719,4070000
492.3299865722656,495.989990234375,490.29998779296875,490.94000244140625,5060700
490.5,494.8800048828125,488.0,489.6400146484375,4058900
492.8500061035156,494.5,488.8800048828125,491.8699951171875,7356300
493.7099914550781,494.7099914550781,489.2300109863281,490.57000732421875,3582900
494.1000061035156,499.2799987792969,493.5199890136719,493.7699890136719,3933200
497.0899963378906,497.1600036621094,493.1099853515625,493.29998779296875,2811500
494.9599914550781,499.0,494.7300109863281,496.1499938964844,4056100
500.0299987792969,502.1000061035156,496.6499938964844,496.94000244140625,3707600
499.25,500.25,495.0199890136719,500.0,5161900
502.739990234375,503.7799987792969,497.0,497.6400146484375,3873500
498.20001220703125,502.8699951171875,495.8999938964844,502.5,4481100
495.9200134277344,499.6099853515625,493.2200012207031,496.9599914550781,3461400
498.75,502.54998779296875,495.04998779296875,495.8999938964844,4678800
500.0199890136719,504.9700012207031,498.0199890136719,499.5,3519500
502.29998779296875,504.4599914550781,498.6099853515625,500.1600036621094,3057400
499.8399963378906,503.5,498.55999755859375,502.7099914550781,2944600
496.739990234375,501.2200012207031,494.510009765625,499.9800109863281,3172200
489.1300048828125,497.989990234375,489.05999755859375,497.25,4763800
491.92999267578125,493.79998779296875,487.82000732421875,488.1499938964844,3183500
495.9700012207031,497.05999755859375,489.95001220703125,490.0,3056000
496.3900146484375,496.7300109863281,490.3500061035156,493.8999938964844,3566200
488.80999755859375,496.0,485.79998779296875,495.6000061035156,4254300
492.4200134277344,493.45001220703125,489.25,490.0,3794300
494.0799865722656,494.4200134277344,490.32000732421875,492.3599853515625,4605300
491.2900085449219,495.70001220703125,491.25,493.70001220703125,2714500
491.80999755859375,492.9800109863281,488.19000244140625,491.7300109863281,3376000
490.1600036621094,492.45001220703125,488.1099853515625,492.19000244140625,3063000
492.1000061035156,492.9800109863281,489.3999938964844,490.9100036621094,3166800
488.07000732421875,492.29998779296875,484.54998779296875,491.9200134277344,6451500
481.44000244140625,485.6700134277344,481.1099853515625,484.9599914550781,5029100
475.760009765625,478.79998779296875,473.7200012207031,477.32000732421875,6204500
478.5199890136719,480.9100036621094,474.8399963378906,474.8399963378906,4786600
477.5400085449219,478.7099914550781,475.30999755859375,476.79998779296875,7146400
475.67999267578125,479.989990234375,473.1499938964844,479.510009765625,5868100
487.6600036621094,488.7900085449219,475.5,475.5,7803200
488.7699890136719,493.8900146484375,487.3399963378906,487.3399963378906,6551200
493.1499938964844,494.0299987792969,486.75,490.0,4964700
499.05999755859375,500.1600036621094,493.3500061035156,494.92999267578125,6377800
496.9800109863281,501.2799987792969,495.1300048828125,497.0799865722656,5084000
497.07000732421875,499.69000244140625,494.20001220703125,498.5899963378906,2960200
502.3999938964844,504.45001220703125,496.989990234375,497.1600036621094,5456000
513.1099853515625,514.260009765625,504.82000732421875,504.82000732421875,7340700
508.94000244140625,516.5499877929688,506.3500061035156,514.7000122070312,5456400
